no,poster,title,year,IMDB rating,number of ratings
1,"<img alt=""The Shawshank Redemption"" height=""67"" src=""https://m.media-amazon.com/images/M/MV5BMDFkYTc0MGEtZmNhMC00ZDIzLWFmNTEtODM1ZmRlYWMwMWFmXkEyXkFqcGdeQXVyMTMxODk2OTU@._V1_UY67_CR0,0,45,67_AL_.jpg"" width=""45""/>",The Shawshank Redemption,1994,9.2,"2,315,305"
2,"<img alt=""Nasul"" height=""67"" src=""https://m.media-amazon.com/images/M/MV5BM2MyNjYxNmUtYTAwNi00MTYxLWJmNWYtYzZlODY3ZTk3OTFlXkEyXkFqcGdeQXVyNzkwMjQ5NzM@._V1_UY67_CR1,0,45,67_AL_.jpg"" width=""45""/>",Nasul,1972,9.1,"1,598,683"
3,"<img alt=""Nasul II"" height=""67"" src=""https://m.media-amazon.com/images/M/MV5BMWMwMGQzZTItY2JlNC00OWZiLWIyMDctNDk2ZDQ2YjRjMWQ0XkEyXkFqcGdeQXVyNzkwMjQ5NzM@._V1_UY67_CR1,0,45,67_AL_.jpg"" width=""45""/>",Nasul II,1974,9.0,"1,116,637"
4,"<img alt=""Cavalerul negru"" height=""67"" src=""https://m.media-amazon.com/images/M/MV5BMTMxNTMwODM0NF5BMl5BanBnXkFtZTcwODAyMTk2Mw@@._V1_UY67_CR0,0,45,67_AL_.jpg"" width=""45""/>",Cavalerul negru,2008,9.0,"2,277,772"
5,"<img alt=""12 Oameni mânioşi"" height=""67"" src=""https://m.media-amazon.com/images/M/MV5BMWU4N2FjNzYtNTVkNC00NzQ0LTg0MjAtYTJlMjFhNGUxZDFmXkEyXkFqcGdeQXVyNjc1NTYyMjg@._V1_UX45_CR0,0,45,67_AL_.jpg"" width=""45""/>",12 Oameni mânioşi,1957,8.9,"681,093"
6,"<img alt=""Lista lui Schindler"" height=""67"" src=""https://m.media-amazon.com/images/M/MV5BNDE4OTMxMTctNmRhYy00NWE2LTg3YzItYTk3M2UwOTU5Njg4XkEyXkFqcGdeQXVyNjU0OTQ0OTY@._V1_UX45_CR0,0,45,67_AL_.jpg"" width=""45""/>",Lista lui Schindler,1993,8.9,"1,200,879"
7,"<img alt=""Stapanul Inelelor: Intoarcerea Regelui"" height=""67"" src=""https://m.media-amazon.com/images/M/MV5BNzA5ZDNlZWMtM2NhNS00NDJjLTk4NDItYTRmY2EwMWZlMTY3XkEyXkFqcGdeQXVyNzkwMjQ5NzM@._V1_UY67_CR0,0,45,67_AL_.jpg"" width=""45""/>",Stapanul Inelelor: Intoarcerea Regelui,2003,8.9,"1,625,561"
8,"<img alt=""Pulp Fiction"" height=""67"" src=""https://m.media-amazon.com/images/M/MV5BNGNhMDIzZTUtNTBlZi00MTRlLWFjM2ItYzViMjE3YzI5MjljXkEyXkFqcGdeQXVyNzkwMjQ5NzM@._V1_UY67_CR0,0,45,67_AL_.jpg"" width=""45""/>",Pulp Fiction,1994,8.8,"1,806,593"
9,"<img alt=""Cel bun, cel rău, cel urât"" height=""67"" src=""https://m.media-amazon.com/images/M/MV5BOTQ5NDI3MTI4MF5BMl5BanBnXkFtZTgwNDQ4ODE5MDE@._V1_UX45_CR0,0,45,67_AL_.jpg"" width=""45""/>","Cel bun, cel rău, cel urât",1966,8.8,"681,793"
10,"<img alt=""Stapînul inelelor: Fratia inelului"" height=""67"" src=""https://m.media-amazon.com/images/M/MV5BN2EyZjM3NzUtNWUzMi00MTgxLWI0NTctMzY4M2VlOTdjZWRiXkEyXkFqcGdeQXVyNDUzOTQ5MjY@._V1_UY67_CR0,0,45,67_AL_.jpg"" width=""45""/>",Stapînul inelelor: Fratia inelului,2001,8.8,"1,641,817"
11,"<img alt=""Fight club - Sala de lupte"" height=""67"" src=""https://m.media-amazon.com/images/M/MV5BMmEzNTkxYjQtZTc0MC00YTVjLTg5ZTEtZWMwOWVlYzY0NWIwXkEyXkFqcGdeQXVyNzkwMjQ5NzM@._V1_UX45_CR0,0,45,67_AL_.jpg"" width=""45""/>",Fight club - Sala de lupte,1999,8.8,"1,834,312"
12,"<img alt=""Forrest Gump"" height=""67"" src=""https://m.media-amazon.com/images/M/MV5BNWIwODRlZTUtY2U3ZS00Yzg1LWJhNzYtMmZiYmEyNmU1NjMzXkEyXkFqcGdeQXVyMTQxNzMzNDI@._V1_UY67_CR0,0,45,67_AL_.jpg"" width=""45""/>",Forrest Gump,1994,8.8,"1,785,181"
13,"<img alt=""Începutul"" height=""67"" src=""https://m.media-amazon.com/images/M/MV5BMjAxMzY3NjcxNF5BMl5BanBnXkFtZTcwNTI5OTM0Mw@@._V1_UY67_CR0,0,45,67_AL_.jpg"" width=""45""/>",Începutul,2010,8.7,"2,040,410"
14,"<img alt=""Stapânul inelelor: Cele doua turnuri"" height=""67"" src=""https://m.media-amazon.com/images/M/MV5BZGMxZTdjZmYtMmE2Ni00ZTdkLWI5NTgtNjlmMjBiNzU2MmI5XkEyXkFqcGdeQXVyNjU0OTQ0OTY@._V1_UX45_CR0,0,45,67_AL_.jpg"" width=""45""/>",Stapânul inelelor: Cele doua turnuri,2002,8.7,"1,469,541"
15,"<img alt=""Razboiul stelelor - Imperiul contraataca"" height=""67"" src=""https://m.media-amazon.com/images/M/MV5BYmU1NDRjNDgtMzhiMi00NjZmLTg5NGItZDNiZjU5NTU4OTE0XkEyXkFqcGdeQXVyNzkwMjQ5NzM@._V1_UX45_CR0,0,45,67_AL_.jpg"" width=""45""/>",Razboiul stelelor - Imperiul contraataca,1980,8.7,"1,146,875"
16,"<img alt=""Matrix"" height=""67"" src=""https://m.media-amazon.com/images/M/MV5BNzQzOTk3OTAtNDQ0Zi00ZTVkLWI0MTEtMDllZjNkYzNjNTc4L2ltYWdlXkEyXkFqcGdeQXVyNjU0OTQ0OTY@._V1_UX45_CR0,0,45,67_AL_.jpg"" width=""45""/>",Matrix,1999,8.6,"1,656,894"
17,"<img alt=""Baieti buni"" height=""67"" src=""https://m.media-amazon.com/images/M/MV5BY2NkZjEzMDgtN2RjYy00YzM1LWI4ZmQtMjIwYjFjNmI3ZGEwXkEyXkFqcGdeQXVyNzkwMjQ5NzM@._V1_UX45_CR0,0,45,67_AL_.jpg"" width=""45""/>",Baieti buni,1990,8.6,"1,008,064"
18,"<img alt=""Zbor deasupra unui cuib de cuci"" height=""67"" src=""https://m.media-amazon.com/images/M/MV5BZjA0OWVhOTAtYWQxNi00YzNhLWI4ZjYtNjFjZTEyYjJlNDVlL2ltYWdlL2ltYWdlXkEyXkFqcGdeQXVyMTQxNzMzNDI@._V1_UY67_CR0,0,45,67_AL_.jpg"" width=""45""/>",Zbor deasupra unui cuib de cuci,1975,8.6,"908,923"
19,"<img alt=""Cei șapte samurai"" height=""67"" src=""https://m.media-amazon.com/images/M/MV5BOWE4ZDdhNmMtNzE5ZC00NzExLTlhNGMtY2ZhYjYzODEzODA1XkEyXkFqcGdeQXVyNTAyODkwOQ@@._V1_UY67_CR1,0,45,67_AL_.jpg"" width=""45""/>",Cei șapte samurai,1954,8.6,"312,672"
20,"<img alt=""Se7en"" height=""67"" src=""https://m.media-amazon.com/images/M/MV5BOTUwODM5MTctZjczMi00OTk4LTg3NWUtNmVhMTAzNTNjYjcyXkEyXkFqcGdeQXVyNjU0OTQ0OTY@._V1_UX45_CR0,0,45,67_AL_.jpg"" width=""45""/>",Se7en,1995,8.6,"1,426,866"
21,"<img alt=""Viata e frumoasa"" height=""67"" src=""https://m.media-amazon.com/images/M/MV5BYmJmM2Q4NmMtYThmNC00ZjRlLWEyZmItZTIwOTBlZDQ3NTQ1XkEyXkFqcGdeQXVyMTQxNzMzNDI@._V1_UX45_CR0,0,45,67_AL_.jpg"" width=""45""/>",Viata e frumoasa,1997,8.6,"616,055"
22,"<img alt=""Orasul Zeilor"" height=""67"" src=""https://m.media-amazon.com/images/M/MV5BOTMwYjc5ZmItYTFjZC00ZGQ3LTlkNTMtMjZiNTZlMWQzNzI5XkEyXkFqcGdeQXVyNzkwMjQ5NzM@._V1_UX45_CR0,0,45,67_AL_.jpg"" width=""45""/>",Orasul Zeilor,2002,8.6,"693,606"
23,"<img alt=""Tacerea mieilor"" height=""67"" src=""https://m.media-amazon.com/images/M/MV5BNjNhZTk0ZmEtNjJhMi00YzFlLWE1MmEtYzM1M2ZmMGMwMTU4XkEyXkFqcGdeQXVyNjU0OTQ0OTY@._V1_UY67_CR0,0,45,67_AL_.jpg"" width=""45""/>",Tacerea mieilor,1991,8.6,"1,255,820"
24,"<img alt=""O viata minunata"" height=""67"" src=""https://m.media-amazon.com/images/M/MV5BZjc4NDZhZWMtNGEzYS00ZWU2LThlM2ItNTA0YzQ0OTExMTE2XkEyXkFqcGdeQXVyNjUwMzI2NzU@._V1_UY67_CR0,0,45,67_AL_.jpg"" width=""45""/>",O viata minunata,1946,8.6,"394,018"
25,"<img alt=""Războiul Stelelor - Episodul IV: O nouă speranţă"" height=""67"" src=""https://m.media-amazon.com/images/M/MV5BNzVlY2MwMjktM2E4OS00Y2Y3LWE3ZjctYzhkZGM3YzA1ZWM2XkEyXkFqcGdeQXVyNzkwMjQ5NzM@._V1_UX45_CR0,0,45,67_AL_.jpg"" width=""45""/>",Războiul Stelelor - Episodul IV: O nouă speranţă,1977,8.6,"1,218,721"
26,"<img alt=""Salvati soldatul Ryan"" height=""67"" src=""https://m.media-amazon.com/images/M/MV5BZjhkMDM4MWItZTVjOC00ZDRhLThmYTAtM2I5NzBmNmNlMzI1XkEyXkFqcGdeQXVyNDYyMDk5MTU@._V1_UY67_CR0,0,45,67_AL_.jpg"" width=""45""/>",Salvati soldatul Ryan,1998,8.5,"1,222,103"
27,"<img alt=""Cãlãtoria lui Chihiro"" height=""67"" src=""https://m.media-amazon.com/images/M/MV5BMjlmZmI5MDctNDE2YS00YWE0LWE5ZWItZDBhYWQ0NTcxNWRhXkEyXkFqcGdeQXVyMTMxODk2OTU@._V1_UY67_CR0,0,45,67_AL_.jpg"" width=""45""/>",Cãlãtoria lui Chihiro,2001,8.5,"640,836"
28,"<img alt=""Culoarul mortii"" height=""67"" src=""https://m.media-amazon.com/images/M/MV5BMTUxMzQyNjA5MF5BMl5BanBnXkFtZTYwOTU2NTY3._V1_UY67_CR0,0,45,67_AL_.jpg"" width=""45""/>",Culoarul mortii,1999,8.5,"1,132,732"
29,"<img alt=""Interstellar: Calatorind prin univers"" height=""67"" src=""https://m.media-amazon.com/images/M/MV5BZjdkOTU3MDktN2IxOS00OGEyLWFmMjktY2FiMmZkNWIyODZiXkEyXkFqcGdeQXVyMTMxODk2OTU@._V1_UY67_CR0,0,45,67_AL_.jpg"" width=""45""/>",Interstellar: Calatorind prin univers,2014,8.5,"1,485,796"
30,"<img alt=""Parazit"" height=""67"" src=""https://m.media-amazon.com/images/M/MV5BYWZjMjk3ZTItODQ2ZC00NTY5LWE0ZDYtZTI3MjcwN2Q5NTVkXkEyXkFqcGdeQXVyODk4OTc3MTY@._V1_UY67_CR0,0,45,67_AL_.jpg"" width=""45""/>",Parazit,2019,8.5,"517,541"
31,"<img alt=""Léon"" height=""67"" src=""https://m.media-amazon.com/images/M/MV5BODllNWE0MmEtYjUwZi00ZjY3LThmNmQtZjZlMjI2YTZjYmQ0XkEyXkFqcGdeQXVyNTc1NTQxODI@._V1_UX45_CR0,0,45,67_AL_.jpg"" width=""45""/>",Léon,1994,8.5,"1,023,707"
32,"<img alt=""Suspecti de serviciu"" height=""67"" src=""https://m.media-amazon.com/images/M/MV5BYTViNjMyNmUtNDFkNC00ZDRlLThmMDUtZDU2YWE4NGI2ZjVmXkEyXkFqcGdeQXVyNjU0OTQ0OTY@._V1_UX45_CR0,0,45,67_AL_.jpg"" width=""45""/>",Suspecti de serviciu,1995,8.5,"981,892"
33,"<img alt=""Seppuku"" height=""67"" src=""https://m.media-amazon.com/images/M/MV5BYjBmYTQ1NjItZWU5MS00YjI0LTg2OTYtYmFkN2JkMmNiNWVkXkEyXkFqcGdeQXVyMTMxMTY0OTQ@._V1_UY67_CR2,0,45,67_AL_.jpg"" width=""45""/>",Seppuku,1962,8.5,"40,304"
34,"<img alt=""The Lion King"" height=""67"" src=""https://m.media-amazon.com/images/M/MV5BYTYxNGMyZTYtMjE3MS00MzNjLWFjNmYtMDk3N2FmM2JiM2M1XkEyXkFqcGdeQXVyNjY5NDU4NzI@._V1_UY67_CR0,0,45,67_AL_.jpg"" width=""45""/>",The Lion King,1994,8.5,"931,283"
35,"<img alt=""Pianistul"" height=""67"" src=""https://m.media-amazon.com/images/M/MV5BOWRiZDIxZjktMTA1NC00MDQ2LWEzMjUtMTliZmY3NjQ3ODJiXkEyXkFqcGdeQXVyNjU0OTQ0OTY@._V1_UY67_CR2,0,45,67_AL_.jpg"" width=""45""/>",Pianistul,2002,8.5,"720,479"
36,"<img alt=""Inapoi in viitor"" height=""67"" src=""https://m.media-amazon.com/images/M/MV5BZmU0M2Y1OGUtZjIxNi00ZjBkLTg1MjgtOWIyNThiZWIwYjRiXkEyXkFqcGdeQXVyMTQxNzMzNDI@._V1_UX45_CR0,0,45,67_AL_.jpg"" width=""45""/>",Inapoi in viitor,1985,8.5,"1,045,253"
37,"<img alt=""Terminator 2: Ziua judecatii"" height=""67"" src=""https://m.media-amazon.com/images/M/MV5BMGU2NzRmZjUtOGUxYS00ZjdjLWEwZWItY2NlM2JhNjkxNTFmXkEyXkFqcGdeQXVyNjU0OTQ0OTY@._V1_UY67_CR0,0,45,67_AL_.jpg"" width=""45""/>",Terminator 2: Ziua judecatii,1991,8.5,"987,054"
38,"<img alt=""Povestea X a Americii"" height=""67"" src=""https://m.media-amazon.com/images/M/MV5BZjA0MTM4MTQtNzY5MC00NzY3LWI1ZTgtYzcxMjkyMzU4MDZiXkEyXkFqcGdeQXVyNDYyMDk5MTU@._V1_UY67_CR0,0,45,67_AL_.jpg"" width=""45""/>",Povestea X a Americii,1998,8.5,"1,026,122"
39,"<img alt=""Timpuri noi"" height=""67"" src=""https://m.media-amazon.com/images/M/MV5BYjJiZjMzYzktNjU0NS00OTkxLWEwYzItYzdhYWJjN2QzMTRlL2ltYWdlL2ltYWdlXkEyXkFqcGdeQXVyNjU0OTQ0OTY@._V1_UX45_CR0,0,45,67_AL_.jpg"" width=""45""/>",Timpuri noi,1936,8.5,"215,194"
40,"<img alt=""Psycho"" height=""67"" src=""https://m.media-amazon.com/images/M/MV5BNTQwNDM1YzItNDAxZC00NWY2LTk0M2UtNDIwNWI5OGUyNWUxXkEyXkFqcGdeQXVyNzkwMjQ5NzM@._V1_UY67_CR0,0,45,67_AL_.jpg"" width=""45""/>",Psycho,1960,8.5,"598,109"
41,"<img alt=""Gladiatorul"" height=""67"" src=""https://m.media-amazon.com/images/M/MV5BMDliMmNhNDEtODUyOS00MjNlLTgxODEtN2U3NzIxMGVkZTA1L2ltYWdlXkEyXkFqcGdeQXVyNjU0OTQ0OTY@._V1_UY67_CR0,0,45,67_AL_.jpg"" width=""45""/>",Gladiatorul,2000,8.5,"1,327,056"
42,"<img alt=""Luminile orasului"" height=""67"" src=""https://m.media-amazon.com/images/M/MV5BY2I4MmM1N2EtM2YzOS00OWUzLTkzYzctNDc5NDg2N2IyODJmXkEyXkFqcGdeQXVyNzkwMjQ5NzM@._V1_UX45_CR0,0,45,67_AL_.jpg"" width=""45""/>",Luminile orasului,1931,8.5,"165,821"
43,"<img alt=""Cartita"" height=""67"" src=""https://m.media-amazon.com/images/M/MV5BMTI1MTY2OTIxNV5BMl5BanBnXkFtZTYwNjQ4NjY3._V1_UY67_CR0,0,45,67_AL_.jpg"" width=""45""/>",Cartita,2006,8.5,"1,176,618"
44,"<img alt=""Invincibilii"" height=""67"" src=""https://m.media-amazon.com/images/M/MV5BMTYxNDA3MDQwNl5BMl5BanBnXkFtZTcwNTU4Mzc1Nw@@._V1_UY67_CR0,0,45,67_AL_.jpg"" width=""45""/>",Invincibilii,2011,8.5,"748,985"
45,"<img alt=""Whiplash"" height=""67"" src=""https://m.media-amazon.com/images/M/MV5BOTA5NDZlZGUtMjAxOS00YTRkLTkwYmMtYWQ0NWEwZDZiNjEzXkEyXkFqcGdeQXVyMTMxODk2OTU@._V1_UY67_CR0,0,45,67_AL_.jpg"" width=""45""/>",Whiplash,2014,8.5,"705,758"
46,"<img alt=""Prestigiul"" height=""67"" src=""https://m.media-amazon.com/images/M/MV5BMjA4NDI0MTIxNF5BMl5BanBnXkFtZTYwNTM0MzY2._V1_UY67_CR0,0,45,67_AL_.jpg"" width=""45""/>",Prestigiul,2006,8.5,"1,175,336"
47,"<img alt=""Cimitirul licuricilor"" height=""67"" src=""https://m.media-amazon.com/images/M/MV5BZmY2NjUzNDQtNTgxNC00M2Q4LTljOWQtMjNjNDBjNWUxNmJlXkEyXkFqcGdeQXVyNTA4NzY1MzY@._V1_UX45_CR0,0,45,67_AL_.jpg"" width=""45""/>",Cimitirul licuricilor,1988,8.5,"231,285"
48,"<img alt=""Once Upon a Time in the West"" height=""67"" src=""https://m.media-amazon.com/images/M/MV5BZGI5MjBmYzYtMzJhZi00NGI1LTk3MzItYjBjMzcxM2U3MDdiXkEyXkFqcGdeQXVyNzkwMjQ5NzM@._V1_UX45_CR0,0,45,67_AL_.jpg"" width=""45""/>",Once Upon a Time in the West,1968,8.4,"299,895"
49,"<img alt=""Hamilton"" height=""67"" src=""https://m.media-amazon.com/images/M/MV5BNjViNWRjYWEtZTI0NC00N2E3LTk0NGQtMjY4NTM3OGNkZjY0XkEyXkFqcGdeQXVyMjUxMTY3ODM@._V1_UY67_CR0,0,45,67_AL_.jpg"" width=""45""/>",Hamilton,2020,8.4,"48,663"
50,"<img alt=""Casablanca"" height=""67"" src=""https://m.media-amazon.com/images/M/MV5BY2IzZGY2YmEtYzljNS00NTM5LTgwMzUtMzM1NjQ4NGI0OTk0XkEyXkFqcGdeQXVyNDYyMDk5MTU@._V1_UX45_CR0,0,45,67_AL_.jpg"" width=""45""/>",Casablanca,1942,8.4,"516,891"
51,"<img alt=""Cinema Paradiso"" height=""67"" src=""https://m.media-amazon.com/images/M/MV5BM2FhYjEyYmYtMDI1Yy00YTdlLWI2NWQtYmEzNzAxOGY1NjY2XkEyXkFqcGdeQXVyNTA3NTIyNDg@._V1_UY67_CR0,0,45,67_AL_.jpg"" width=""45""/>",Cinema Paradiso,1988,8.4,"227,541"
52,"<img alt=""In spatele ferestrei"" height=""67"" src=""https://m.media-amazon.com/images/M/MV5BNGUxYWM3M2MtMGM3Mi00ZmRiLWE0NGQtZjE5ODI2OTJhNTU0XkEyXkFqcGdeQXVyMTQxNzMzNDI@._V1_UY67_CR0,0,45,67_AL_.jpg"" width=""45""/>",In spatele ferestrei,1954,8.4,"439,538"
53,"<img alt=""Alien"" height=""67"" src=""https://m.media-amazon.com/images/M/MV5BMmQ2MmU3NzktZjAxOC00ZDZhLTk4YzEtMDMyMzcxY2IwMDAyXkEyXkFqcGdeQXVyNzkwMjQ5NzM@._V1_UY67_CR0,0,45,67_AL_.jpg"" width=""45""/>",Alien,1979,8.4,"780,364"
54,"<img alt=""Apocalipsul acum"" height=""67"" src=""https://m.media-amazon.com/images/M/MV5BMDdhODg0MjYtYzBiOS00ZmI5LWEwZGYtZDEyNDU4MmQyNzFkXkEyXkFqcGdeQXVyNzkwMjQ5NzM@._V1_UX45_CR0,0,45,67_AL_.jpg"" width=""45""/>",Apocalipsul acum,1979,8.4,"600,330"
55,"<img alt=""Memento"" height=""67"" src=""https://m.media-amazon.com/images/M/MV5BZTcyNjk1MjgtOWI3Mi00YzQwLWI5MTktMzY4ZmI2NDAyNzYzXkEyXkFqcGdeQXVyNjU0OTQ0OTY@._V1_UY67_CR0,0,45,67_AL_.jpg"" width=""45""/>",Memento,2000,8.4,"1,114,802"
56,"<img alt=""Dictatorul"" height=""67"" src=""https://m.media-amazon.com/images/M/MV5BMmExYWJjNTktNGUyZS00ODhmLTkxYzAtNWIzOGEyMGNiMmUwXkEyXkFqcGdeQXVyNjU0OTQ0OTY@._V1_UY67_CR0,0,45,67_AL_.jpg"" width=""45""/>",Dictatorul,1940,8.4,"200,916"
57,"<img alt=""Indiana Jones şi căutătorii arcei pierdute"" height=""67"" src=""https://m.media-amazon.com/images/M/MV5BMjA0ODEzMTc1Nl5BMl5BanBnXkFtZTcwODM2MjAxNA@@._V1_UX45_CR0,0,45,67_AL_.jpg"" width=""45""/>",Indiana Jones şi căutătorii arcei pierdute,1981,8.4,"876,252"
58,"<img alt=""Django dezlantuit"" height=""67"" src=""https://m.media-amazon.com/images/M/MV5BMjIyNTQ5NjQ1OV5BMl5BanBnXkFtZTcwODg1MDU4OA@@._V1_UY67_CR0,0,45,67_AL_.jpg"" width=""45""/>",Django dezlantuit,2012,8.4,"1,340,327"
59,"<img alt=""Vietile altora"" height=""67"" src=""https://m.media-amazon.com/images/M/MV5BOThkM2EzYmMtNDE3NS00NjlhLTg4YzktYTdhNzgyOWY3ZDYzXkEyXkFqcGdeQXVyNzQzNzQxNzI@._V1_UY67_CR1,0,45,67_AL_.jpg"" width=""45""/>",Vietile altora,2006,8.4,"354,981"
60,"<img alt=""Joker"" height=""67"" src=""https://m.media-amazon.com/images/M/MV5BNGVjNWI4ZGUtNzE0MS00YTJmLWE0ZDctN2ZiYTk2YmI3NTYyXkEyXkFqcGdeQXVyMTkxNjUyNQ@@._V1_UY67_CR0,0,45,67_AL_.jpg"" width=""45""/>",Joker,2019,8.4,"906,044"
61,"<img alt=""Cararile gloriei"" height=""67"" src=""https://m.media-amazon.com/images/M/MV5BNjViMmRkOTEtM2ViOS00ODg0LWJhYWEtNTBlOGQxNDczOGY3XkEyXkFqcGdeQXVyMDI2NDg0NQ@@._V1_UY67_CR1,0,45,67_AL_.jpg"" width=""45""/>",Cararile gloriei,1957,8.4,"176,043"
62,"<img alt=""WALL-E"" height=""67"" src=""https://m.media-amazon.com/images/M/MV5BMjExMTg5OTU0NF5BMl5BanBnXkFtZTcwMjMxMzMzMw@@._V1_UY67_CR0,0,45,67_AL_.jpg"" width=""45""/>",WALL-E,2008,8.4,"988,595"
63,"<img alt=""Stralucirea"" height=""67"" src=""https://m.media-amazon.com/images/M/MV5BZWFlYmY2MGEtZjVkYS00YzU4LTg0YjQtYzY1ZGE3NTA5NGQxXkEyXkFqcGdeQXVyMTQxNzMzNDI@._V1_UX45_CR0,0,45,67_AL_.jpg"" width=""45""/>",Stralucirea,1980,8.4,"888,082"
64,"<img alt=""Razbunatorii: Razboiul Infinitului"" height=""67"" src=""https://m.media-amazon.com/images/M/MV5BMjMxNjY2MDU1OV5BMl5BanBnXkFtZTgwNzY1MTUwNTM@._V1_UY67_CR0,0,45,67_AL_.jpg"" width=""45""/>",Razbunatorii: Razboiul Infinitului,2018,8.4,"817,461"
65,"<img alt=""Bulevardul Amurgului"" height=""67"" src=""https://m.media-amazon.com/images/M/MV5BMTU0NTkyNzYwMF5BMl5BanBnXkFtZTgwMDU0NDk5MTI@._V1_UX45_CR0,0,45,67_AL_.jpg"" width=""45""/>",Bulevardul Amurgului,1950,8.4,"199,483"
66,"<img alt=""Martorul Acuzarii"" height=""67"" src=""https://m.media-amazon.com/images/M/MV5BNDQwODU5OWYtNDcyNi00MDQ1LThiOGMtZDkwNWJiM2Y3MDg0XkEyXkFqcGdeQXVyMDI2NDg0NQ@@._V1_UX45_CR0,0,45,67_AL_.jpg"" width=""45""/>",Martorul Acuzarii,1957,8.4,"107,355"
67,"<img alt=""Căinţă şi răzbunare"" height=""67"" src=""https://m.media-amazon.com/images/M/MV5BMTI3NTQyMzU5M15BMl5BanBnXkFtZTcwMTM2MjgyMQ@@._V1_UY67_CR0,0,45,67_AL_.jpg"" width=""45""/>",Căinţă şi răzbunare,2003,8.4,"509,407"
68,"<img alt=""Omul-Pãianjen: În lumea pãianjenului"" height=""67"" src=""https://m.media-amazon.com/images/M/MV5BMjMwNDkxMTgzOF5BMl5BanBnXkFtZTgwNTkwNTQ3NjM@._V1_UY67_CR0,0,45,67_AL_.jpg"" width=""45""/>",Omul-Pãianjen: În lumea pãianjenului,2018,8.4,"360,492"
69,"<img alt=""Printesa Mononoke"" height=""67"" src=""https://m.media-amazon.com/images/M/MV5BNGIzY2IzODQtNThmMi00ZDE4LWI5YzAtNzNlZTM1ZjYyYjUyXkEyXkFqcGdeQXVyODEzNjM5OTQ@._V1_UX45_CR0,0,45,67_AL_.jpg"" width=""45""/>",Printesa Mononoke,1997,8.4,"338,111"
70,"<img alt=""Dr. Strangelove sau: cum am învăţat să nu-mi mai fac griji şi să iubesc bomba"" height=""67"" src=""https://m.media-amazon.com/images/M/MV5BZWI3ZTMxNjctMjdlNS00NmUwLWFiM2YtZDUyY2I3N2MxYTE0XkEyXkFqcGdeQXVyNzkwMjQ5NzM@._V1_UX45_CR0,0,45,67_AL_.jpg"" width=""45""/>",Dr. Strangelove sau: cum am învăţat să nu-mi mai fac griji şi să iubesc bomba,1964,8.3,"446,583"
71,"<img alt=""Cavalerul negru: Legenda renaste"" height=""67"" src=""https://m.media-amazon.com/images/M/MV5BMTk4ODQzNDY3Ml5BMl5BanBnXkFtZTcwODA0NTM4Nw@@._V1_UY67_CR0,0,45,67_AL_.jpg"" width=""45""/>",Cavalerul negru: Legenda renaste,2012,8.3,"1,501,322"
72,"<img alt=""A fost odata in America"" height=""67"" src=""https://m.media-amazon.com/images/M/MV5BMGFkNWI4MTMtNGQ0OC00MWVmLTk3MTktOGYxN2Y2YWVkZWE2XkEyXkFqcGdeQXVyNjU0OTQ0OTY@._V1_UX45_CR0,0,45,67_AL_.jpg"" width=""45""/>",A fost odata in America,1984,8.3,"307,578"
73,"<img alt=""Aliens - Misiune de pedeapsa"" height=""67"" src=""https://m.media-amazon.com/images/M/MV5BZGU2OGY5ZTYtMWNhYy00NjZiLWI0NjUtZmNhY2JhNDRmODU3XkEyXkFqcGdeQXVyNzkwMjQ5NzM@._V1_UX45_CR0,0,45,67_AL_.jpg"" width=""45""/>",Aliens - Misiune de pedeapsa,1986,8.3,"647,544"
74,"<img alt=""Numele Tau"" height=""67"" src=""https://m.media-amazon.com/images/M/MV5BODRmZDVmNzUtZDA4ZC00NjhkLWI2M2UtN2M0ZDIzNDcxYThjL2ltYWdlXkEyXkFqcGdeQXVyNTk0MzMzODA@._V1_UY67_CR0,0,45,67_AL_.jpg"" width=""45""/>",Numele Tau,2016,8.3,"188,151"
75,"<img alt=""Razbunatorii: Sfarsitul jocului"" height=""67"" src=""https://m.media-amazon.com/images/M/MV5BMTc5MDE2ODcwNV5BMl5BanBnXkFtZTgwMzI2NzQ2NzM@._V1_UY67_CR0,0,45,67_AL_.jpg"" width=""45""/>",Razbunatorii: Sfarsitul jocului,2019,8.3,"785,647"
76,"<img alt=""Coco"" height=""67"" src=""https://m.media-amazon.com/images/M/MV5BYjQ5NjM0Y2YtNjZkNC00ZDhkLWJjMWItN2QyNzFkMDE3ZjAxXkEyXkFqcGdeQXVyODIxMzk5NjA@._V1_UY67_CR1,0,45,67_AL_.jpg"" width=""45""/>",Coco,2017,8.3,"368,307"
77,"<img alt=""Frumusete americana"" height=""67"" src=""https://m.media-amazon.com/images/M/MV5BNTBmZWJkNjctNDhiNC00MGE2LWEwOTctZTk5OGVhMWMyNmVhXkEyXkFqcGdeQXVyMTMxODk2OTU@._V1_UY67_CR0,0,45,67_AL_.jpg"" width=""45""/>",Frumusete americana,1999,8.3,"1,061,010"
78,"<img alt=""Inima neînfricata"" height=""67"" src=""https://m.media-amazon.com/images/M/MV5BMzkzMmU0YTYtOWM3My00YzBmLWI0YzctOGYyNTkwMWE5MTJkXkEyXkFqcGdeQXVyNzkwMjQ5NzM@._V1_UY67_CR0,0,45,67_AL_.jpg"" width=""45""/>",Inima neînfricata,1995,8.3,"951,635"
79,"<img alt=""3 Idioti"" height=""67"" src=""https://m.media-amazon.com/images/M/MV5BNTkyOGVjMGEtNmQzZi00NzFlLTlhOWQtODYyMDc2ZGJmYzFhXkEyXkFqcGdeQXVyNjU0OTQ0OTY@._V1_UY67_CR1,0,45,67_AL_.jpg"" width=""45""/>",3 Idioti,2009,8.3,"339,322"
80,"<img alt=""Submarinul"" height=""67"" src=""https://m.media-amazon.com/images/M/MV5BOGZhZDIzNWMtNjkxMS00MDQ1LThkMTYtZWQzYWU3MWMxMGU5XkEyXkFqcGdeQXVyNjc1NTYyMjg@._V1_UX45_CR0,0,45,67_AL_.jpg"" width=""45""/>",Submarinul,1981,8.3,"229,726"
81,"<img alt=""Povestea Jucariilor"" height=""67"" src=""https://m.media-amazon.com/images/M/MV5BMDU2ZWJlMjktMTRhMy00ZTA5LWEzNDgtYmNmZTEwZTViZWJkXkEyXkFqcGdeQXVyNDQ2OTk4MzI@._V1_UX45_CR0,0,45,67_AL_.jpg"" width=""45""/>",Povestea Jucariilor,1995,8.3,"877,597"
82,"<img alt=""Tengoku to jigoku"" height=""67"" src=""https://m.media-amazon.com/images/M/MV5BOTI4NTNhZDMtMWNkZi00MTRmLWJmZDQtMmJkMGVmZTEzODlhXkEyXkFqcGdeQXVyNjc1NTYyMjg@._V1_UX45_CR0,0,45,67_AL_.jpg"" width=""45""/>",Tengoku to jigoku,1963,8.3,"33,205"
83,"<img alt=""Capernaum"" height=""67"" src=""https://m.media-amazon.com/images/M/MV5BMmExNzU2ZWMtYzUwYi00YmM2LTkxZTQtNmVhNjY0NTMyMWI2XkEyXkFqcGdeQXVyMTMxODk2OTU@._V1_UY67_CR0,0,45,67_AL_.jpg"" width=""45""/>",Capernaum,2018,8.3,"59,002"
84,"<img alt=""Amadeus"" height=""67"" src=""https://m.media-amazon.com/images/M/MV5BNWJlNzUzNGMtYTAwMS00ZjI2LWFmNWQtODcxNWUxODA5YmU1XkEyXkFqcGdeQXVyNTIzOTk5ODM@._V1_UX45_CR0,0,45,67_AL_.jpg"" width=""45""/>",Amadeus,1984,8.3,"365,803"
85,"<img alt=""Ticăloși fără glorie"" height=""67"" src=""https://m.media-amazon.com/images/M/MV5BOTJiNDEzOWYtMTVjOC00ZjlmLWE0NGMtZmE1OWVmZDQ2OWJhXkEyXkFqcGdeQXVyNTIzOTk5ODM@._V1_UY67_CR0,0,45,67_AL_.jpg"" width=""45""/>",Ticăloși fără glorie,2009,8.3,"1,251,188"
86,"<img alt=""Războiul stelelor - Episodul VI: Întoarcerea lui Jedi"" height=""67"" src=""https://m.media-amazon.com/images/M/MV5BOWZlMjFiYzgtMTUzNC00Y2IzLTk1NTMtZmNhMTczNTk0ODk1XkEyXkFqcGdeQXVyNTAyODkwOQ@@._V1_UX45_CR0,0,45,67_AL_.jpg"" width=""45""/>",Războiul stelelor - Episodul VI: Întoarcerea lui Jedi,1983,8.3,"940,083"
87,"<img alt=""Ca Stelele pe Pamant"" height=""67"" src=""https://m.media-amazon.com/images/M/MV5BMDhjZWViN2MtNzgxOS00NmI4LThiZDQtZDI3MzM4MDE4NTc0XkEyXkFqcGdeQXVyMTMxODk2OTU@._V1_UY67_CR1,0,45,67_AL_.jpg"" width=""45""/>",Ca Stelele pe Pamant,2007,8.3,"166,065"
88,"<img alt=""Good Will Hunting"" height=""67"" src=""https://m.media-amazon.com/images/M/MV5BOTI0MzcxMTYtZDVkMy00NjY1LTgyMTYtZmUxN2M3NmQ2NWJhXkEyXkFqcGdeQXVyMTQxNzMzNDI@._V1_UX45_CR0,0,45,67_AL_.jpg"" width=""45""/>",Good Will Hunting,1997,8.3,"851,459"
89,"<img alt=""Profesionistii crimei"" height=""67"" src=""https://m.media-amazon.com/images/M/MV5BZmExNmEwYWItYmQzOS00YjA5LTk2MjktZjEyZDE1Y2QxNjA1XkEyXkFqcGdeQXVyMTQxNzMzNDI@._V1_UX45_CR0,0,45,67_AL_.jpg"" width=""45""/>",Profesionistii crimei,1992,8.3,"909,299"
90,"<img alt=""Odiseea spatiala 2001"" height=""67"" src=""https://m.media-amazon.com/images/M/MV5BMmNlYzRiNDctZWNhMi00MzI4LThkZTctMTUzMmZkMmFmNThmXkEyXkFqcGdeQXVyNzkwMjQ5NzM@._V1_UY67_CR0,0,45,67_AL_.jpg"" width=""45""/>",Odiseea spatiala 2001,1968,8.3,"597,301"
91,"<img alt=""Cerinta pentru un vis"" height=""67"" src=""https://m.media-amazon.com/images/M/MV5BOTdiNzJlOWUtNWMwNS00NmFlLWI0YTEtZmI3YjIzZWUyY2Y3XkEyXkFqcGdeQXVyNjU0OTQ0OTY@._V1_UX45_CR0,0,45,67_AL_.jpg"" width=""45""/>",Cerinta pentru un vis,2000,8.3,"759,337"
92,"<img alt=""Vertigo"" height=""67"" src=""https://m.media-amazon.com/images/M/MV5BYTE4ODEwZDUtNDFjOC00NjAxLWEzYTQtYTI1NGVmZmFlNjdiL2ltYWdlL2ltYWdlXkEyXkFqcGdeQXVyNjc1NTYyMjg@._V1_UX45_CR0,0,45,67_AL_.jpg"" width=""45""/>",Vertigo,1958,8.3,"360,247"
93,"<img alt=""M - Un oraş îşi caută ucigaşul"" height=""67"" src=""https://m.media-amazon.com/images/M/MV5BODA4ODk3OTEzMF5BMl5BanBnXkFtZTgwMTQ2ODMwMzE@._V1_UX45_CR0,0,45,67_AL_.jpg"" width=""45""/>",M - Un oraş îşi caută ucigaşul,1931,8.3,"141,946"
94,"<img alt=""Stralucirea eterna a mintii neprihanite"" height=""67"" src=""https://m.media-amazon.com/images/M/MV5BMTY4NzcwODg3Nl5BMl5BanBnXkFtZTcwNTEwOTMyMw@@._V1_UY67_CR0,0,45,67_AL_.jpg"" width=""45""/>",Stralucirea eterna a mintii neprihanite,2004,8.3,"903,044"
95,"<img alt=""Vânatoarea"" height=""67"" src=""https://m.media-amazon.com/images/M/MV5BNDM2MzMwMzcxNF5BMl5BanBnXkFtZTcwNTczMDk3OA@@._V1_UY67_CR0,0,45,67_AL_.jpg"" width=""45""/>",Vânatoarea,2012,8.3,"275,954"
96,"<img alt=""Cetateanul Kane"" height=""67"" src=""https://m.media-amazon.com/images/M/MV5BYjBiOTYxZWItMzdiZi00NjlkLWIzZTYtYmFhZjhiMTljOTdkXkEyXkFqcGdeQXVyNzkwMjQ5NzM@._V1_UX45_CR0,0,45,67_AL_.jpg"" width=""45""/>",Cetateanul Kane,1941,8.3,"397,142"
97,"<img alt=""Dangal"" height=""67"" src=""https://m.media-amazon.com/images/M/MV5BMTQ4MzQzMzM2Nl5BMl5BanBnXkFtZTgwMTQ1NzU3MDI@._V1_UY67_CR1,0,45,67_AL_.jpg"" width=""45""/>",Dangal,2016,8.3,"152,981"
98,"<img alt=""Glonţ cu cămaşă metalică"" height=""67"" src=""https://m.media-amazon.com/images/M/MV5BNzkxODk0NjEtYjc4Mi00ZDI0LTgyYjEtYzc1NDkxY2YzYTgyXkEyXkFqcGdeQXVyNzkwMjQ5NzM@._V1_UX45_CR0,0,45,67_AL_.jpg"" width=""45""/>",Glonţ cu cămaşă metalică,1987,8.2,"668,492"
99,"<img alt=""1917: Speranță și moarte"" height=""67"" src=""https://m.media-amazon.com/images/M/MV5BOTdmNTFjNDEtNzg0My00ZjkxLTg1ZDAtZTdkMDc2ZmFiNWQ1XkEyXkFqcGdeQXVyNTAzNzgwNTg@._V1_UX45_CR0,0,45,67_AL_.jpg"" width=""45""/>",1917: Speranță și moarte,2019,8.2,"398,203"
100,"<img alt=""Hoti de Biciclete"" height=""67"" src=""https://m.media-amazon.com/images/M/MV5BNmI1ODdjODctMDlmMC00ZWViLWI5MzYtYzRhNDdjYmM3MzFjXkEyXkFqcGdeQXVyMTMxODk2OTU@._V1_UY67_CR0,0,45,67_AL_.jpg"" width=""45""/>",Hoti de Biciclete,1948,8.2,"144,507"
101,"<img alt=""Piciul"" height=""67"" src=""https://m.media-amazon.com/images/M/MV5BZjhhMThhNDItNTY2MC00MmU1LTliNDEtNDdhZjdlNTY5ZDQ1XkEyXkFqcGdeQXVyNjc1NTYyMjg@._V1_UX45_CR0,0,45,67_AL_.jpg"" width=""45""/>",Piciul,1921,8.2,"111,687"
102,"<img alt=""Cantand in ploaie"" height=""67"" src=""https://m.media-amazon.com/images/M/MV5BZDRjNGViMjQtOThlMi00MTA3LThkYzQtNzJkYjBkMGE0YzE1XkEyXkFqcGdeQXVyNDYyMDk5MTU@._V1_UY67_CR0,0,45,67_AL_.jpg"" width=""45""/>",Cantand in ploaie,1952,8.2,"216,412"
103,"<img alt=""La nord prin nord-vest"" height=""67"" src=""https://m.media-amazon.com/images/M/MV5BZDA3NDExMTUtMDlhOC00MmQ5LWExZGUtYmI1NGVlZWI4OWNiXkEyXkFqcGdeQXVyNjc1NTYyMjg@._V1_UX45_CR0,0,45,67_AL_.jpg"" width=""45""/>",La nord prin nord-vest,1959,8.2,"296,229"
104,"<img alt=""Portocala mecanica"" height=""67"" src=""https://m.media-amazon.com/images/M/MV5BMTY3MjM1Mzc4N15BMl5BanBnXkFtZTgwODM0NzAxMDE@._V1_UY67_CR0,0,45,67_AL_.jpg"" width=""45""/>",Portocala mecanica,1971,8.2,"751,053"
105,"<img alt=""Unde dai si unde crapã"" height=""67"" src=""https://m.media-amazon.com/images/M/MV5BMTA2NDYxOGYtYjU1Mi00Y2QzLTgxMTQtMWI1MGI0ZGQ5MmU4XkEyXkFqcGdeQXVyNDk3NzU2MTQ@._V1_UY67_CR0,0,45,67_AL_.jpg"" width=""45""/>",Unde dai si unde crapã,2000,8.2,"775,193"
106,"<img alt=""Scarface"" height=""67"" src=""https://m.media-amazon.com/images/M/MV5BNjdjNGQ4NDEtNTEwYS00MTgxLTliYzQtYzE2ZDRiZjFhZmNlXkEyXkFqcGdeQXVyNjU0OTQ0OTY@._V1_UX45_CR0,0,45,67_AL_.jpg"" width=""45""/>",Scarface,1983,8.2,"732,683"
107,"<img alt=""A trai"" height=""67"" src=""https://m.media-amazon.com/images/M/MV5BZmM0NGY3Y2MtMTA1YS00YmQzLTk2YTctYWFhMDkzMDRjZWQzXkEyXkFqcGdeQXVyNTA4NzY1MzY@._V1_UX45_CR0,0,45,67_AL_.jpg"" width=""45""/>",A trai,1952,8.2,"67,354"
108,"<img alt=""Soferul de taxi"" height=""67"" src=""https://m.media-amazon.com/images/M/MV5BM2M1MmVhNDgtNmI0YS00ZDNmLTkyNjctNTJiYTQ2N2NmYzc2XkEyXkFqcGdeQXVyNzkwMjQ5NzM@._V1_UX45_CR0,0,45,67_AL_.jpg"" width=""45""/>",Soferul de taxi,1976,8.2,"715,857"
109,"<img alt=""Lawrence al Arabiei"" height=""67"" src=""https://m.media-amazon.com/images/M/MV5BYWY5ZjhjNGYtZmI2Ny00ODM0LWFkNzgtZmI1YzA2N2MxMzA0XkEyXkFqcGdeQXVyNjUwNzk3NDc@._V1_UY67_CR0,0,45,67_AL_.jpg"" width=""45""/>",Lawrence al Arabiei,1962,8.2,"265,350"
110,"<img alt=""Amélie"" height=""67"" src=""https://m.media-amazon.com/images/M/MV5BNDg4NjM1YjMtYmNhZC00MjM0LWFiZmYtNGY1YjA3MzZmODc5XkEyXkFqcGdeQXVyNDk3NzU2MTQ@._V1_UX45_CR0,0,45,67_AL_.jpg"" width=""45""/>",Amélie,2001,8.2,"697,988"
111,"<img alt=""Povestea jucariilor 3"" height=""67"" src=""https://m.media-amazon.com/images/M/MV5BMTgxOTY4Mjc0MF5BMl5BanBnXkFtZTcwNTA4MDQyMw@@._V1_UY67_CR1,0,45,67_AL_.jpg"" width=""45""/>",Povestea jucariilor 3,2010,8.2,"749,677"
112,"<img alt=""Cacealmaua"" height=""67"" src=""https://m.media-amazon.com/images/M/MV5BNGU3NjQ4YTMtZGJjOS00YTQ3LThmNmItMTI5MDE2ODI3NzY3XkEyXkFqcGdeQXVyMjUzOTY1NTc@._V1_UX45_CR0,0,45,67_AL_.jpg"" width=""45""/>",Cacealmaua,1973,8.2,"239,384"
113,"<img alt=""Nader si Simin, o despartire"" height=""67"" src=""https://m.media-amazon.com/images/M/MV5BN2JmMjViMjMtZTM5Mi00ZGZkLTk5YzctZDg5MjFjZDE4NjNkXkEyXkFqcGdeQXVyMTMxODk2OTU@._V1_UY67_CR0,0,45,67_AL_.jpg"" width=""45""/>","Nader si Simin, o despartire",2011,8.2,"217,518"
114,"<img alt=""Vino si vezi"" height=""67"" src=""https://m.media-amazon.com/images/M/MV5BODM4Njg0NTAtYjI5Ny00ZjAxLTkwNmItZTMxMWU5M2U3M2RjXkEyXkFqcGdeQXVyNzkwMjQ5NzM@._V1_UX45_CR0,0,45,67_AL_.jpg"" width=""45""/>",Vino si vezi,1985,8.2,"57,307"
115,"<img alt=""Metropolis"" height=""67"" src=""https://m.media-amazon.com/images/M/MV5BMTg5YWIyMWUtZDY5My00Zjc1LTljOTctYmI0MWRmY2M2NmRkXkEyXkFqcGdeQXVyMTMxODk2OTU@._V1_UY67_CR0,0,45,67_AL_.jpg"" width=""45""/>",Metropolis,1927,8.2,"158,570"
116,"<img alt=""Incendii"" height=""67"" src=""https://m.media-amazon.com/images/M/MV5BMWE3MGYzZjktY2Q5Mi00Y2NiLWIyYWUtMmIyNzA3YmZlMGFhXkEyXkFqcGdeQXVyMTMxODk2OTU@._V1_UX45_CR0,0,45,67_AL_.jpg"" width=""45""/>",Incendii,2010,8.2,"146,972"
117,"<img alt=""Pentru Cativa Dolari in Plus"" height=""67"" src=""https://m.media-amazon.com/images/M/MV5BNWM1NmYyM2ItMTFhNy00NDU0LThlYWUtYjQyYTJmOTY0ZmM0XkEyXkFqcGdeQXVyNjU0OTQ0OTY@._V1_UX45_CR0,0,45,67_AL_.jpg"" width=""45""/>",Pentru Cativa Dolari in Plus,1965,8.2,"230,230"
118,"<img alt=""Apartamentul"" height=""67"" src=""https://m.media-amazon.com/images/M/MV5BNzkwODFjNzItMmMwNi00MTU5LWE2MzktM2M4ZDczZGM1MmViXkEyXkFqcGdeQXVyNDY2MTk1ODk@._V1_UX45_CR0,0,45,67_AL_.jpg"" width=""45""/>",Apartamentul,1960,8.2,"162,273"
119,"<img alt=""Asigurare de Moarte"" height=""67"" src=""https://m.media-amazon.com/images/M/MV5BOTdlNjgyZGUtOTczYi00MDdhLTljZmMtYTEwZmRiOWFkYjRhXkEyXkFqcGdeQXVyNDY2MTk1ODk@._V1_UX45_CR0,0,45,67_AL_.jpg"" width=""45""/>",Asigurare de Moarte,1944,8.2,"142,073"
120,"<img alt=""Sa ucizi o pasare cantatoare"" height=""67"" src=""https://m.media-amazon.com/images/M/MV5BNmVmYzcwNzMtMWM1NS00MWIyLThlMDEtYzUwZDgzODE1NmE2XkEyXkFqcGdeQXVyNzkwMjQ5NzM@._V1_UX45_CR0,0,45,67_AL_.jpg"" width=""45""/>",Sa ucizi o pasare cantatoare,1962,8.2,"291,816"
121,"<img alt=""Deasupra Tuturor"" height=""67"" src=""https://m.media-amazon.com/images/M/MV5BMTk3NDE2NzI4NF5BMl5BanBnXkFtZTgwNzE1MzEyMTE@._V1_UX45_CR0,0,45,67_AL_.jpg"" width=""45""/>",Deasupra Tuturor,2009,8.2,"924,854"
122,"<img alt=""Indiana Jones si Ultima Cruciada"" height=""67"" src=""https://m.media-amazon.com/images/M/MV5BMjNkMzc2N2QtNjVlNS00ZTk5LTg0MTgtODY2MDAwNTMwZjBjXkEyXkFqcGdeQXVyNDk3NzU2MTQ@._V1_UY67_CR0,0,45,67_AL_.jpg"" width=""45""/>",Indiana Jones si Ultima Cruciada,1989,8.2,"686,075"
123,"<img alt=""Obsesia"" height=""67"" src=""https://m.media-amazon.com/images/M/MV5BNGMwNzUwNjYtZWM5NS00YzMyLWI4NjAtNjM0ZDBiMzE1YWExXkEyXkFqcGdeQXVyNDk3NzU2MTQ@._V1_UY67_CR0,0,45,67_AL_.jpg"" width=""45""/>",Obsesia,1995,8.2,"570,552"
124,"<img alt=""Los Angeles Confidential"" height=""67"" src=""https://m.media-amazon.com/images/M/MV5BMDQ2YzEyZGItYWRhOS00MjBmLTkzMDUtMTdjYzkyMmQxZTJlXkEyXkFqcGdeQXVyNjU0OTQ0OTY@._V1_UY67_CR0,0,45,67_AL_.jpg"" width=""45""/>",Los Angeles Confidential,1997,8.2,"527,534"
125,"<img alt=""Greu de ucis"" height=""67"" src=""https://m.media-amazon.com/images/M/MV5BZjRlNDUxZjAtOGQ4OC00OTNlLTgxNmQtYTBmMDgwZmNmNjkxXkEyXkFqcGdeQXVyNzkwMjQ5NzM@._V1_UX45_CR0,0,45,67_AL_.jpg"" width=""45""/>",Greu de ucis,1988,8.2,"777,449"
126,"<img alt=""Monty Python and the Holy Grail"" height=""67"" src=""https://m.media-amazon.com/images/M/MV5BN2IyNTE4YzUtZWU0Mi00MGIwLTgyMmQtMzQ4YzQxYWNlYWE2XkEyXkFqcGdeQXVyNjU0OTQ0OTY@._V1_UX45_CR0,0,45,67_AL_.jpg"" width=""45""/>",Monty Python and the Holy Grail,1975,8.2,"497,156"
127,"<img alt=""Yojimbo"" height=""67"" src=""https://m.media-amazon.com/images/M/MV5BZThiZjAzZjgtNDU3MC00YThhLThjYWUtZGRkYjc2ZWZlOTVjXkEyXkFqcGdeQXVyNTA4NzY1MzY@._V1_UX45_CR0,0,45,67_AL_.jpg"" width=""45""/>",Yojimbo,1961,8.2,"109,823"
128,"<img alt=""Rashomon"" height=""67"" src=""https://m.media-amazon.com/images/M/MV5BMjEzMzA4NDE2OF5BMl5BanBnXkFtZTcwNTc5MDI2NQ@@._V1_UY67_CR0,0,45,67_AL_.jpg"" width=""45""/>",Rashomon,1950,8.2,"150,890"
129,"<img alt=""Green Book: O prietenie pe viaţă"" height=""67"" src=""https://m.media-amazon.com/images/M/MV5BYzIzYmJlYTYtNGNiYy00N2EwLTk4ZjItMGYyZTJiOTVkM2RlXkEyXkFqcGdeQXVyODY1NDk1NjE@._V1_UX45_CR0,0,45,67_AL_.jpg"" width=""45""/>",Green Book: O prietenie pe viaţă,2018,8.2,"359,885"
130,"<img alt=""Batman - Inceputuri"" height=""67"" src=""https://m.media-amazon.com/images/M/MV5BOTY4YjI2N2MtYmFlMC00ZjcyLTg3YjEtMDQyM2ZjYzQ5YWFkXkEyXkFqcGdeQXVyMTQxNzMzNDI@._V1_UY67_CR0,0,45,67_AL_.jpg"" width=""45""/>",Batman - Inceputuri,2005,8.2,"1,295,676"
131,"<img alt=""Ultimele zile ale lui Hitler"" height=""67"" src=""https://m.media-amazon.com/images/M/MV5BMTU0NTU5NTAyMl5BMl5BanBnXkFtZTYwNzYwMDg2._V1_UY67_CR0,0,45,67_AL_.jpg"" width=""45""/>",Ultimele zile ale lui Hitler,2004,8.2,"328,619"
132,"<img alt=""Copiii Paradisului"" height=""67"" src=""https://m.media-amazon.com/images/M/MV5BZTYwZWQ4ZTQtZWU0MS00N2YwLWEzMDItZWFkZWY0MWVjODVhXkEyXkFqcGdeQXVyNjU0OTQ0OTY@._V1_UX45_CR0,0,45,67_AL_.jpg"" width=""45""/>",Copiii Paradisului,1997,8.2,"64,169"
133,"<img alt=""Necrutatorul"" height=""67"" src=""https://m.media-amazon.com/images/M/MV5BODM3YWY4NmQtN2Y3Ni00OTg0LWFhZGQtZWE3ZWY4MTJlOWU4XkEyXkFqcGdeQXVyNjU0OTQ0OTY@._V1_UX45_CR0,0,45,67_AL_.jpg"" width=""45""/>",Necrutatorul,1992,8.2,"372,395"
134,"<img alt=""Ran"" height=""67"" src=""https://m.media-amazon.com/images/M/MV5BZDBjZTM4ZmEtOTA5ZC00NTQzLTkyNzYtMmUxNGU2YjI5YjU5L2ltYWdlXkEyXkFqcGdeQXVyNTAyODkwOQ@@._V1_UY67_CR1,0,45,67_AL_.jpg"" width=""45""/>",Ran,1985,8.2,"111,168"
135,"<img alt=""Some Like It Hot"" height=""67"" src=""https://m.media-amazon.com/images/M/MV5BNzAyOGIxYjAtMGY2NC00ZTgyLWIwMWEtYzY0OWQ4NDFjOTc5XkEyXkFqcGdeQXVyNjU0OTQ0OTY@._V1_UX45_CR0,0,45,67_AL_.jpg"" width=""45""/>",Some Like It Hot,1959,8.2,"241,395"
136,"<img alt=""Castelul umblator al lui Howl"" height=""67"" src=""https://m.media-amazon.com/images/M/MV5BNmM4YTFmMmItMGE3Yy00MmRkLTlmZGEtMzZlOTQzYjk3MzA2XkEyXkFqcGdeQXVyMTMxODk2OTU@._V1_UX45_CR0,0,45,67_AL_.jpg"" width=""45""/>",Castelul umblator al lui Howl,2004,8.2,"327,811"
137,"<img alt=""Totul despre Eva"" height=""67"" src=""https://m.media-amazon.com/images/M/MV5BMTY2MTAzODI5NV5BMl5BanBnXkFtZTgwMjM4NzQ0MjE@._V1_UX45_CR0,0,45,67_AL_.jpg"" width=""45""/>",Totul despre Eva,1950,8.2,"119,562"
138,"<img alt=""O minte sclipitoare"" height=""67"" src=""https://m.media-amazon.com/images/M/MV5BMzcwYWFkYzktZjAzNC00OGY1LWI4YTgtNzc5MzVjMDVmNjY0XkEyXkFqcGdeQXVyMTQxNzMzNDI@._V1_UY67_CR0,0,45,67_AL_.jpg"" width=""45""/>",O minte sclipitoare,2001,8.2,"839,867"
139,"<img alt=""Casino"" height=""67"" src=""https://m.media-amazon.com/images/M/MV5BMTcxOWYzNDYtYmM4YS00N2NkLTk0NTAtNjg1ODgwZjAxYzI3XkEyXkFqcGdeQXVyNTA4NzY1MzY@._V1_UX45_CR0,0,45,67_AL_.jpg"" width=""45""/>",Casino,1995,8.2,"460,932"
140,"<img alt=""Marea Evadare"" height=""67"" src=""https://m.media-amazon.com/images/M/MV5BNzA2NmYxMWUtNzBlMC00MWM2LTkwNmQtYTFlZjQwODNhOWE0XkEyXkFqcGdeQXVyNTIzOTk5ODM@._V1_UX45_CR0,0,45,67_AL_.jpg"" width=""45""/>",Marea Evadare,1963,8.2,"222,618"
141,"<img alt=""Lupul de pe Wall Street"" height=""67"" src=""https://m.media-amazon.com/images/M/MV5BMjIxMjgxNTk0MF5BMl5BanBnXkFtZTgwNjIyOTg2MDE@._V1_UY67_CR0,0,45,67_AL_.jpg"" width=""45""/>",Lupul de pe Wall Street,2013,8.2,"1,165,144"
142,"<img alt=""Labirintul lui Pan"" height=""67"" src=""https://m.media-amazon.com/images/M/MV5BMTU3ODg2NjQ5NF5BMl5BanBnXkFtZTcwMDEwODgzMQ@@._V1_UY67_CR0,0,45,67_AL_.jpg"" width=""45""/>",Labirintul lui Pan,2006,8.2,"613,853"
143,"<img alt=""Secretul"" height=""67"" src=""https://m.media-amazon.com/images/M/MV5BY2FhZGI5M2QtZWFiZS00NjkwLWE4NWQtMzg3ZDZjNjdkYTJiXkEyXkFqcGdeQXVyMTMxODk2OTU@._V1_UY67_CR0,0,45,67_AL_.jpg"" width=""45""/>",Secretul,2009,8.1,"190,973"
144,"<img alt=""Jocuri, Poturi si Focuri de Arma"" height=""67"" src=""https://m.media-amazon.com/images/M/MV5BMTAyN2JmZmEtNjAyMy00NzYwLThmY2MtYWQ3OGNhNjExMmM4XkEyXkFqcGdeQXVyNDk3NzU2MTQ@._V1_UX45_CR0,0,45,67_AL_.jpg"" width=""45""/>","Jocuri, Poturi si Focuri de Arma",1998,8.1,"530,748"
145,"<img alt=""Va Curge Sange"" height=""67"" src=""https://m.media-amazon.com/images/M/MV5BMjAxODQ4MDU5NV5BMl5BanBnXkFtZTcwMDU4MjU1MQ@@._V1_UY67_CR0,0,45,67_AL_.jpg"" width=""45""/>",Va Curge Sange,2007,8.1,"511,320"
146,"<img alt=""Vecinul meu Totoro"" height=""67"" src=""https://m.media-amazon.com/images/M/MV5BYzJjMTYyMjQtZDI0My00ZjE2LTkyNGYtOTllNGQxNDMyZjE0XkEyXkFqcGdeQXVyMTMxODk2OTU@._V1_UY67_CR1,0,45,67_AL_.jpg"" width=""45""/>",Vecinul meu Totoro,1988,8.1,"285,917"
147,"<img alt=""Taurul furios"" height=""67"" src=""https://m.media-amazon.com/images/M/MV5BYjRmODkzNDItMTNhNi00YjJlLTg0ZjAtODlhZTM0YzgzYThlXkEyXkFqcGdeQXVyNzQ1ODk3MTQ@._V1_UY67_CR0,0,45,67_AL_.jpg"" width=""45""/>",Taurul furios,1980,8.1,"318,702"
148,"<img alt=""Procesul de la Nurnberg"" height=""67"" src=""https://m.media-amazon.com/images/M/MV5BNDc2ODQ5NTE2MV5BMl5BanBnXkFtZTcwODExMjUyNA@@._V1_UX45_CR0,0,45,67_AL_.jpg"" width=""45""/>",Procesul de la Nurnberg,1961,8.1,"68,718"
149,"<img alt=""Comoara din Sierra Madre"" height=""67"" src=""https://m.media-amazon.com/images/M/MV5BOTJlZWMxYzEtMjlkMS00ODE0LThlM2ItMDI3NGQ2YjhmMzkxXkEyXkFqcGdeQXVyMDI2NDg0NQ@@._V1_UX45_CR0,0,45,67_AL_.jpg"" width=""45""/>",Comoara din Sierra Madre,1948,8.1,"113,233"
150,"<img alt=""Cu C de la Crima"" height=""67"" src=""https://m.media-amazon.com/images/M/MV5BOWIwODIxYWItZDI4MS00YzhhLWE3MmYtMzlhZDIwOTMzZmE5L2ltYWdlXkEyXkFqcGdeQXVyNjc1NTYyMjg@._V1_UX45_CR0,0,45,67_AL_.jpg"" width=""45""/>",Cu C de la Crima,1954,8.1,"156,440"
151,"<img alt=""Trei panouri publicitare lângã Ebbing, Missouri"" height=""67"" src=""https://m.media-amazon.com/images/M/MV5BMjI0ODcxNzM1N15BMl5BanBnXkFtZTgwMzIwMTEwNDI@._V1_UY67_CR0,0,45,67_AL_.jpg"" width=""45""/>","Trei panouri publicitare lângã Ebbing, Missouri",2017,8.1,"422,449"
152,"<img alt=""Goana dupa Aur"" height=""67"" src=""https://m.media-amazon.com/images/M/MV5BZjEyOTE4MzMtNmMzMy00Mzc3LWJlOTQtOGJiNDE0ZmJiOTU4L2ltYWdlXkEyXkFqcGdeQXVyNTAyODkwOQ@@._V1_UY67_CR2,0,45,67_AL_.jpg"" width=""45""/>",Goana dupa Aur,1925,8.1,"99,679"
153,"<img alt=""Cartierul chinezesc"" height=""67"" src=""https://m.media-amazon.com/images/M/MV5BOGMwYmY5ZmEtMzY1Yi00OWJiLTk1Y2MtMzI2MjBhYmZkNTQ0XkEyXkFqcGdeQXVyNzkwMjQ5NzM@._V1_UX45_CR0,0,45,67_AL_.jpg"" width=""45""/>",Cartierul chinezesc,1974,8.1,"291,241"
154,"<img alt=""Insula Shutter"" height=""67"" src=""https://m.media-amazon.com/images/M/MV5BYzhiNDkyNzktNTZmYS00ZTBkLTk2MDAtM2U0YjU1MzgxZjgzXkEyXkFqcGdeQXVyMTMxODk2OTU@._V1_UY67_CR0,0,45,67_AL_.jpg"" width=""45""/>",Insula Shutter,2010,8.1,"1,115,263"
155,"<img alt=""Anand"" height=""67"" src=""https://m.media-amazon.com/images/M/MV5BYmYzNmM2MDctZGY3Yi00NjRiLWIxZjctYjgzYTcxYTNhYTMyXkEyXkFqcGdeQXVyMjUxMTY3ODM@._V1_UY67_CR1,0,45,67_AL_.jpg"" width=""45""/>",Anand,1971,8.1,"29,486"
156,"<img alt=""Tatal meu si fiul meu"" height=""67"" src=""https://m.media-amazon.com/images/M/MV5BNjAzMzEwYzctNjc1MC00Nzg5LWFmMGItMTgzYmMyNTY2OTQ4XkEyXkFqcGdeQXVyNjU0OTQ0OTY@._V1_UY67_CR0,0,45,67_AL_.jpg"" width=""45""/>",Tatal meu si fiul meu,2005,8.1,"77,739"
157,"<img alt=""Nu Exista Tara pentru Batrani"" height=""67"" src=""https://m.media-amazon.com/images/M/MV5BMjA5Njk3MjM4OV5BMl5BanBnXkFtZTcwMTc5MTE1MQ@@._V1_UY67_CR0,0,45,67_AL_.jpg"" width=""45""/>",Nu Exista Tara pentru Batrani,2007,8.1,"845,988"
158,"<img alt=""V de la Vendetta"" height=""67"" src=""https://m.media-amazon.com/images/M/MV5BOTI5ODc3NzExNV5BMl5BanBnXkFtZTcwNzYxNzQzMw@@._V1_UY67_CR0,0,45,67_AL_.jpg"" width=""45""/>",V de la Vendetta,2005,8.1,"1,023,712"
159,"<img alt=""A Saptea Pecete"" height=""67"" src=""https://m.media-amazon.com/images/M/MV5BM2I1ZWU4YjMtYzU0My00YmMzLWFmNTAtZDJhZGYwMmI3YWQ5XkEyXkFqcGdeQXVyNjU0OTQ0OTY@._V1_UX45_CR0,0,45,67_AL_.jpg"" width=""45""/>",A Saptea Pecete,1957,8.1,"162,616"
160,"<img alt=""Intors pe Dos"" height=""67"" src=""https://m.media-amazon.com/images/M/MV5BOTgxMDQwMDk0OF5BMl5BanBnXkFtZTgwNjU5OTg2NDE@._V1_UY67_CR0,0,45,67_AL_.jpg"" width=""45""/>",Intors pe Dos,2015,8.1,"604,244"
161,"<img alt=""Razboinicul"" height=""67"" src=""https://m.media-amazon.com/images/M/MV5BMTk4ODk5MTMyNV5BMl5BanBnXkFtZTcwMDMyNTg0Ng@@._V1_UX45_CR0,0,45,67_AL_.jpg"" width=""45""/>",Razboinicul,2011,8.1,"432,461"
162,"<img alt=""Omul elefant"" height=""67"" src=""https://m.media-amazon.com/images/M/MV5BMDVjNjIwOGItNDE3Ny00OThjLWE0NzQtZTU3YjMzZTZjMzhkXkEyXkFqcGdeQXVyMTQxNzMzNDI@._V1_UX45_CR0,0,45,67_AL_.jpg"" width=""45""/>",Omul elefant,1980,8.1,"217,825"
163,"<img alt=""Creatura"" height=""67"" src=""https://m.media-amazon.com/images/M/MV5BNGViZWZmM2EtNGYzZi00ZDAyLTk3ODMtNzIyZTBjN2Y1NmM1XkEyXkFqcGdeQXVyNTAyODkwOQ@@._V1_UX45_CR0,0,45,67_AL_.jpg"" width=""45""/>",Creatura,1982,8.1,"367,619"
164,"<img alt=""Al saselea simt"" height=""67"" src=""https://m.media-amazon.com/images/M/MV5BMWM4NTFhYjctNzUyNi00NGMwLTk3NTYtMDIyNTZmMzRlYmQyXkEyXkFqcGdeQXVyMTAwMzUyOTc@._V1_UY67_CR0,0,45,67_AL_.jpg"" width=""45""/>",Al saselea simt,1999,8.1,"904,455"
165,"<img alt=""Trainspotting - Din Viata Scapa Cine Poate"" height=""67"" src=""https://m.media-amazon.com/images/M/MV5BMzA5Zjc3ZTMtMmU5YS00YTMwLWI4MWUtYTU0YTVmNjVmODZhXkEyXkFqcGdeQXVyNjU0OTQ0OTY@._V1_UY67_CR0,0,45,67_AL_.jpg"" width=""45""/>",Trainspotting - Din Viata Scapa Cine Poate,1996,8.1,"629,891"
166,"<img alt=""Parcul Jurasic"" height=""67"" src=""https://m.media-amazon.com/images/M/MV5BMjM2MDgxMDg0Nl5BMl5BanBnXkFtZTgwNTM2OTM5NDE@._V1_UX45_CR0,0,45,67_AL_.jpg"" width=""45""/>",Parcul Jurasic,1993,8.1,"858,612"
167,"<img alt=""Truman Show"" height=""67"" src=""https://m.media-amazon.com/images/M/MV5BMDIzODcyY2EtMmY2MC00ZWVlLTgwMzAtMjQwOWUyNmJjNTYyXkEyXkFqcGdeQXVyNDk3NzU2MTQ@._V1_UY67_CR0,0,45,67_AL_.jpg"" width=""45""/>",Truman Show,1998,8.1,"927,182"
168,"<img alt=""Pe aripile vântului"" height=""67"" src=""https://m.media-amazon.com/images/M/MV5BYjUyZWZkM2UtMzYxYy00ZmQ3LWFmZTQtOGE2YjBkNjA3YWZlXkEyXkFqcGdeQXVyNzkwMjQ5NzM@._V1_UX45_CR0,0,45,67_AL_.jpg"" width=""45""/>",Pe aripile vântului,1939,8.1,"287,417"
169,"<img alt=""In Cautarea lui Nemo"" height=""67"" src=""https://m.media-amazon.com/images/M/MV5BZTAzNWZlNmUtZDEzYi00ZjA5LWIwYjEtZGM1NWE1MjE4YWRhXkEyXkFqcGdeQXVyNjU0OTQ0OTY@._V1_UY67_CR0,0,45,67_AL_.jpg"" width=""45""/>",In Cautarea lui Nemo,2003,8.1,"940,245"
170,"<img alt=""Fragii Salbatici"" height=""67"" src=""https://m.media-amazon.com/images/M/MV5BZjJhNTBmNTgtMDViOC00NDY2LWE4N2ItMDJiM2ZiYmQzYzliXkEyXkFqcGdeQXVyMzg1ODEwNQ@@._V1_UY67_CR1,0,45,67_AL_.jpg"" width=""45""/>",Fragii Salbatici,1957,8.1,"94,902"
171,"<img alt=""Vânatorul de recompense"" height=""67"" src=""https://m.media-amazon.com/images/M/MV5BNzQzMzJhZTEtOWM4NS00MTdhLTg0YjgtMjM4MDRkZjUwZDBlXkEyXkFqcGdeQXVyNjU0OTQ0OTY@._V1_UY67_CR0,0,45,67_AL_.jpg"" width=""45""/>",Vânatorul de recompense,1982,8.1,"687,267"
172,"<img alt=""Calauza"" height=""67"" src=""https://m.media-amazon.com/images/M/MV5BMDgwODNmMGItMDcwYi00OWZjLTgyZjAtMGYwMmI4N2Q0NmJmXkEyXkFqcGdeQXVyNzY1MTU0Njk@._V1_UY67_CR1,0,45,67_AL_.jpg"" width=""45""/>",Calauza,1979,8.1,"115,002"
173,"<img alt=""Kill Bill: Volumul 1"" height=""67"" src=""https://m.media-amazon.com/images/M/MV5BNzM3NDFhYTAtYmU5Mi00NGRmLTljYjgtMDkyODQ4MjNkMGY2XkEyXkFqcGdeQXVyNzkwMjQ5NzM@._V1_UX45_CR0,0,45,67_AL_.jpg"" width=""45""/>",Kill Bill: Volumul 1,2003,8.1,"990,745"
174,"<img alt=""Amintiri despre crime"" height=""67"" src=""https://m.media-amazon.com/images/M/MV5BOGViNTg4YTktYTQ2Ni00MTU0LTk2NWUtMTI4OTc1YTM0NzQ2XkEyXkFqcGdeQXVyMDM2NDM2MQ@@._V1_UY67_CR0,0,45,67_AL_.jpg"" width=""45""/>",Amintiri despre crime,2003,8.1,"134,855"
175,"<img alt=""Podul de pe raul Kwai"" height=""67"" src=""https://m.media-amazon.com/images/M/MV5BMGVhNjhjODktODgxYS00MDdhLTlkZjktYTkyNzQxMTU0ZDYxXkEyXkFqcGdeQXVyNzkwMjQ5NzM@._V1_UX45_CR0,0,45,67_AL_.jpg"" width=""45""/>",Podul de pe raul Kwai,1957,8.1,"201,639"
176,"<img alt=""Fargo"" height=""67"" src=""https://m.media-amazon.com/images/M/MV5BNDJiZDgyZjctYmRjMS00ZjdkLTkwMTEtNGU1NDg3NDQ0Yzk1XkEyXkFqcGdeQXVyNzkwMjQ5NzM@._V1_UY67_CR0,0,45,67_AL_.jpg"" width=""45""/>",Fargo,1996,8.1,"610,835"
177,"<img alt=""Camera"" height=""67"" src=""https://m.media-amazon.com/images/M/MV5BMjE4NzgzNzEwMl5BMl5BanBnXkFtZTgwMTMzMDE0NjE@._V1_UY67_CR0,0,45,67_AL_.jpg"" width=""45""/>",Camera,2015,8.1,"365,380"
178,"<img alt=""Gran Torino"" height=""67"" src=""https://m.media-amazon.com/images/M/MV5BMTc5NTk2OTU1Nl5BMl5BanBnXkFtZTcwMDc3NjAwMg@@._V1_UY67_CR0,0,45,67_AL_.jpg"" width=""45""/>",Gran Torino,2008,8.1,"715,006"
179,"<img alt=""Sonata de toamna"" height=""67"" src=""https://m.media-amazon.com/images/M/MV5BNGIyMWRlYTctMWNlMi00ZGIzLThjOTgtZjQzZjRjNmRhMDdlXkEyXkFqcGdeQXVyMTAwMzUyOTc@._V1_UY67_CR0,0,45,67_AL_.jpg"" width=""45""/>",Sonata de toamna,1978,8.1,"25,508"
180,"<img alt=""Al treilea om"" height=""67"" src=""https://m.media-amazon.com/images/M/MV5BYjE2OTdhMWUtOGJlMy00ZDViLWIzZjgtYjZkZGZmMDZjYmEyXkEyXkFqcGdeQXVyNzkwMjQ5NzM@._V1_UX45_CR0,0,45,67_AL_.jpg"" width=""45""/>",Al treilea om,1949,8.1,"157,363"
181,"<img alt=""Poveste din Tokyo"" height=""67"" src=""https://m.media-amazon.com/images/M/MV5BYWQ4ZTRiODktNjAzZC00Nzg1LTk1YWQtNDFmNDI0NmZiNGIwXkEyXkFqcGdeQXVyNzkwMjQ5NzM@._V1_UY67_CR0,0,45,67_AL_.jpg"" width=""45""/>",Poveste din Tokyo,1953,8.1,"52,171"
182,"<img alt=""Klaus"" height=""67"" src=""https://m.media-amazon.com/images/M/MV5BMWYwOThjM2ItZGYxNy00NTQwLWFlZWEtM2MzM2Q5MmY3NDU5XkEyXkFqcGdeQXVyMTkxNjUyNQ@@._V1_UY67_CR0,0,45,67_AL_.jpg"" width=""45""/>",Klaus,2019,8.1,"83,180"
183,"<img alt=""Pe Chei"" height=""67"" src=""https://m.media-amazon.com/images/M/MV5BY2I0MWFiZDMtNWQyYy00Njk5LTk3MDktZjZjNTNmZmVkYjkxXkEyXkFqcGdeQXVyNjc1NTYyMjg@._V1_UX45_CR0,0,45,67_AL_.jpg"" width=""45""/>",Pe Chei,1954,8.1,"140,692"
184,"<img alt=""Povesti trasnite"" height=""67"" src=""https://m.media-amazon.com/images/M/MV5BNGQzY2Y0MTgtMDA4OC00NjM3LWI0ZGQtNTJlM2UxZDQxZjI0XkEyXkFqcGdeQXVyNDUzOTQ5MjY@._V1_UY67_CR1,0,45,67_AL_.jpg"" width=""45""/>",Povesti trasnite,2014,8.1,"174,421"
185,"<img alt=""Vanatorul de Cerbi"" height=""67"" src=""https://m.media-amazon.com/images/M/MV5BNDhmNTA0ZDMtYjhkNS00NzEzLWIzYTItOGNkMTVmYjE2YmI3XkEyXkFqcGdeQXVyNzkwMjQ5NzM@._V1_UY67_CR0,0,45,67_AL_.jpg"" width=""45""/>",Vanatorul de Cerbi,1978,8.1,"308,523"
186,"<img alt=""În numele tatalui"" height=""67"" src=""https://m.media-amazon.com/images/M/MV5BMmYyOTgwYWItYmU3Ny00M2E2LTk0NWMtMDVlNmQ0MWZiMTMxXkEyXkFqcGdeQXVyNzkwMjQ5NzM@._V1_UX45_CR0,0,45,67_AL_.jpg"" width=""45""/>",În numele tatalui,1993,8.1,"155,277"
187,"<img alt=""Mary si Max"" height=""67"" src=""https://m.media-amazon.com/images/M/MV5BMDgzYjQwMDMtNGUzYi00MTRmLWIyMGMtNjE1OGZkNzY2YWIzL2ltYWdlXkEyXkFqcGdeQXVyNjU0OTQ0OTY@._V1_UY67_CR1,0,45,67_AL_.jpg"" width=""45""/>",Mary si Max,2009,8.1,"163,094"
188,"<img alt=""Fata disparuta"" height=""67"" src=""https://m.media-amazon.com/images/M/MV5BMTk0MDQ3MzAzOV5BMl5BanBnXkFtZTgwNzU1NzE3MjE@._V1_UY67_CR0,0,45,67_AL_.jpg"" width=""45""/>",Fata disparuta,2014,8.1,"848,475"
189,"<img alt=""Hotel Grand Budapest"" height=""67"" src=""https://m.media-amazon.com/images/M/MV5BMzM5NjUxOTEyMl5BMl5BanBnXkFtZTgwNjEyMDM0MDE@._V1_UY67_CR0,0,45,67_AL_.jpg"" width=""45""/>",Hotel Grand Budapest,2014,8.1,"698,521"
190,"<img alt=""Fara arma in linia intai"" height=""67"" src=""https://m.media-amazon.com/images/M/MV5BMjQ1NjM3MTUxNV5BMl5BanBnXkFtZTgwMDc5MTY5OTE@._V1_UX45_CR0,0,45,67_AL_.jpg"" width=""45""/>",Fara arma in linia intai,2016,8.1,"428,337"
191,"<img alt=""Înainte de răsărit"" height=""67"" src=""https://m.media-amazon.com/images/M/MV5BZDdiZTAwYzAtMDI3Ni00OTRjLTkzN2UtMGE3MDMyZmU4NTU4XkEyXkFqcGdeQXVyNjU0OTQ0OTY@._V1_UY67_CR0,0,45,67_AL_.jpg"" width=""45""/>",Înainte de răsărit,1995,8.1,"268,337"
192,"<img alt=""Prinde-ma! Daca poti!"" height=""67"" src=""https://m.media-amazon.com/images/M/MV5BMTY5MzYzNjc5NV5BMl5BanBnXkFtZTYwNTUyNTc2._V1_UY67_CR0,0,45,67_AL_.jpg"" width=""45""/>",Prinde-ma! Daca poti!,2002,8.1,"817,120"
193,"<img alt=""Andhadhun"" height=""67"" src=""https://m.media-amazon.com/images/M/MV5BZWZhMjhhZmYtOTIzOC00MGYzLWI1OGYtM2ZkN2IxNTI4ZWI3XkEyXkFqcGdeQXVyNDAzNDk0MTQ@._V1_UY67_CR0,0,45,67_AL_.jpg"" width=""45""/>",Andhadhun,2018,8.1,"69,418"
194,"<img alt=""Persona"" height=""67"" src=""https://m.media-amazon.com/images/M/MV5BMTM0YzExY2EtMjUyZi00ZmIwLWFkYTktNjY5NmVkYTdkMjI5XkEyXkFqcGdeQXVyNzQxNDExNTU@._V1_UY67_CR1,0,45,67_AL_.jpg"" width=""45""/>",Persona,1966,8.1,"101,417"
195,"<img alt=""Marele Lebowski"" height=""67"" src=""https://m.media-amazon.com/images/M/MV5BMTQ0NjUzMDMyOF5BMl5BanBnXkFtZTgwODA1OTU0MDE@._V1_UX45_CR0,0,45,67_AL_.jpg"" width=""45""/>",Marele Lebowski,1998,8.1,"725,360"
196,"<img alt=""Prizonieri"" height=""67"" src=""https://m.media-amazon.com/images/M/MV5BMTg0NTIzMjQ1NV5BMl5BanBnXkFtZTcwNDc3MzM5OQ@@._V1_UY67_CR0,0,45,67_AL_.jpg"" width=""45""/>",Prizonieri,2013,8.1,"592,486"
197,"<img alt=""Sherlock Junior"" height=""67"" src=""https://m.media-amazon.com/images/M/MV5BZWFhOGU5NDctY2Q3YS00Y2VlLWI1NzEtZmIwY2ZiZjY4OTA2XkEyXkFqcGdeQXVyMDI2NDg0NQ@@._V1_UX45_CR0,0,45,67_AL_.jpg"" width=""45""/>",Sherlock Junior,1924,8.1,"41,119"
198,"<img alt=""A fi sau a nu fi"" height=""67"" src=""https://m.media-amazon.com/images/M/MV5BYTIwNDcyMjktMTczMy00NDM5LTlhNDEtMmE3NGVjOTM2YjQ3XkEyXkFqcGdeQXVyNjc0MzMzNjA@._V1_UX45_CR0,0,45,67_AL_.jpg"" width=""45""/>",A fi sau a nu fi,1942,8.1,"29,049"
199,"<img alt=""Mecanicul"" height=""67"" src=""https://m.media-amazon.com/images/M/MV5BYmRiMDFlYjYtOTMwYy00OGY2LWE0Y2QtYzQxOGNhZmUwNTIxXkEyXkFqcGdeQXVyNzkwMjQ5NzM@._V1_UY67_CR0,0,45,67_AL_.jpg"" width=""45""/>",Mecanicul,1926,8.1,"80,215"
200,"<img alt=""Cum Sa Iti Dresezi Dragonul"" height=""67"" src=""https://m.media-amazon.com/images/M/MV5BMjA5NDQyMjc2NF5BMl5BanBnXkFtZTcwMjg5ODcyMw@@._V1_UY67_CR0,0,45,67_AL_.jpg"" width=""45""/>",Cum Sa Iti Dresezi Dragonul,2010,8.1,"660,142"
201,"<img alt=""Eskiya"" height=""67"" src=""https://m.media-amazon.com/images/M/MV5BOGQ4ZjFmYjktOGNkNS00OWYyLWIyZjgtMGJjM2U1ZTA0ZTlhXkEyXkFqcGdeQXVyNTA4NzY1MzY@._V1_UY67_CR1,0,45,67_AL_.jpg"" width=""45""/>",Eskiya,1996,8.1,"63,243"
202,"<img alt=""Marea provocare: Le Mans '66"" height=""67"" src=""https://m.media-amazon.com/images/M/MV5BM2UwMDVmMDItM2I2Yi00NGZmLTk4ZTUtY2JjNTQ3OGQ5ZjM2XkEyXkFqcGdeQXVyMTA1OTYzOTUx._V1_UY67_CR0,0,45,67_AL_.jpg"" width=""45""/>",Marea provocare: Le Mans '66,2019,8.1,"277,384"
203,"<img alt=""Dom za vesanje"" height=""67"" src=""https://m.media-amazon.com/images/M/MV5BODI2ZjVlMGQtMWE5ZS00MjJiLWIyMWYtMGU5NmIxNDc0OTMyXkEyXkFqcGdeQXVyMTQ3Njg3MQ@@._V1_UX45_CR0,0,45,67_AL_.jpg"" width=""45""/>",Dom za vesanje,1988,8.1,"25,058"
204,"<img alt=""12 ani de sclavie"" height=""67"" src=""https://m.media-amazon.com/images/M/MV5BMjExMTEzODkyN15BMl5BanBnXkFtZTcwNTU4NTc4OQ@@._V1_UY67_CR0,0,45,67_AL_.jpg"" width=""45""/>",12 ani de sclavie,2013,8.1,"633,608"
205,"<img alt=""Domnul Smith merge la Washington"" height=""67"" src=""https://m.media-amazon.com/images/M/MV5BZTYwYjYxYzgtMDE1Ni00NzU4LWJlMTEtODQ5YmJmMGJhZjI5L2ltYWdlXkEyXkFqcGdeQXVyMDI2NDg0NQ@@._V1_UX45_CR0,0,45,67_AL_.jpg"" width=""45""/>",Domnul Smith merge la Washington,1939,8.1,"105,966"
206,"<img alt=""Barry Lyndon"" height=""67"" src=""https://m.media-amazon.com/images/M/MV5BNmY0MWY2NDctZDdmMi00MjA1LTk0ZTQtZDMyZTQ1NTNlYzVjXkEyXkFqcGdeQXVyMjUzOTY1NTc@._V1_UX45_CR0,0,45,67_AL_.jpg"" width=""45""/>",Barry Lyndon,1975,8.1,"147,915"
207,"<img alt=""Mad Max: Drumul furiei"" height=""67"" src=""https://m.media-amazon.com/images/M/MV5BN2EwM2I5OWMtMGQyMi00Zjg1LWJkNTctZTdjYTA4OGUwZjMyXkEyXkFqcGdeQXVyMTMxODk2OTU@._V1_UY67_CR0,0,45,67_AL_.jpg"" width=""45""/>",Mad Max: Drumul furiei,2015,8.1,"870,906"
208,"<img alt=""O Fata de Milioane"" height=""67"" src=""https://m.media-amazon.com/images/M/MV5BMTkxNzA1NDQxOV5BMl5BanBnXkFtZTcwNTkyMTIzMw@@._V1_UY67_CR0,0,45,67_AL_.jpg"" width=""45""/>",O Fata de Milioane,2004,8.1,"630,594"
209,"<img alt=""Reteaua"" height=""67"" src=""https://m.media-amazon.com/images/M/MV5BZGNjYjM2MzItZGQzZi00NmY3LTgxOGUtMTQ2MWQxNWQ2MmMwXkEyXkFqcGdeQXVyNzM0MTUwNTY@._V1_UX45_CR0,0,45,67_AL_.jpg"" width=""45""/>",Reteaua,1976,8.1,"143,777"
210,"<img alt=""Vikram Vedha"" height=""67"" src=""https://m.media-amazon.com/images/M/MV5BY2FiMTFmMzMtZDI2ZC00NDQyLWExYTUtOWNmZWM1ZDg5YjVjXkEyXkFqcGdeQXVyODIwMDI1NjM@._V1_UX45_CR0,0,45,67_AL_.jpg"" width=""45""/>",Vikram Vedha,2017,8.1,"26,819"
211,"<img alt=""Prietenie"" height=""67"" src=""https://m.media-amazon.com/images/M/MV5BODJmY2Y2OGQtMDg2My00N2Q3LWJmZTUtYTc2ODBjZDVlNDlhXkEyXkFqcGdeQXVyMTQxNzMzNDI@._V1_UX45_CR0,0,45,67_AL_.jpg"" width=""45""/>",Prietenie,1986,8.1,"360,283"
212,"<img alt=""Cercul poetilor disparuti"" height=""67"" src=""https://m.media-amazon.com/images/M/MV5BOGYwYWNjMzgtNGU4ZC00NWQ2LWEwZjUtMzE1Zjc3NjY3YTU1XkEyXkFqcGdeQXVyMTQxNzMzNDI@._V1_UY67_CR0,0,45,67_AL_.jpg"" width=""45""/>",Cercul poetilor disparuti,1989,8.1,"419,165"
213,"<img alt=""Luke, Mana Rece"" height=""67"" src=""https://m.media-amazon.com/images/M/MV5BOWFlNzZhYmYtYTI5YS00MDQyLWIyNTUtNTRjMWUwNTEzNjA0XkEyXkFqcGdeQXVyNjUwNzk3NDc@._V1_UX45_CR0,0,45,67_AL_.jpg"" width=""45""/>","Luke, Mana Rece",1967,8.1,"160,268"
214,"<img alt=""Ben-Hur"" height=""67"" src=""https://m.media-amazon.com/images/M/MV5BNjgxY2JiZDYtZmMwOC00ZmJjLWJmODUtMTNmNWNmYWI5ODkwL2ltYWdlL2ltYWdlXkEyXkFqcGdeQXVyNjc1NTYyMjg@._V1_UX45_CR0,0,45,67_AL_.jpg"" width=""45""/>",Ben-Hur,1959,8.1,"217,448"
215,"<img alt=""Harry Potter si Talismanele Mortii: Partea II"" height=""67"" src=""https://m.media-amazon.com/images/M/MV5BMGVmMWNiMDktYjQ0Mi00MWIxLTk0N2UtN2ZlYTdkN2IzNDNlXkEyXkFqcGdeQXVyODE5NzE3OTE@._V1_UX45_CR0,0,45,67_AL_.jpg"" width=""45""/>",Harry Potter si Talismanele Mortii: Partea II,2011,8.1,"755,003"
216,"<img alt=""Hachiko: Povestea unui câine"" height=""67"" src=""https://m.media-amazon.com/images/M/MV5BNzE4NDg5OWMtMzg3NC00ZDRjLTllMDMtZTRjNWZmNjBmMGZlXkEyXkFqcGdeQXVyMTMxODk2OTU@._V1_UY67_CR1,0,45,67_AL_.jpg"" width=""45""/>",Hachiko: Povestea unui câine,2009,8.1,"250,167"
217,"<img alt=""Plutonul"" height=""67"" src=""https://m.media-amazon.com/images/M/MV5BMzRjZjdlMjQtODVkYS00N2YzLWJlYWYtMGVlN2E5MWEwMWQzXkEyXkFqcGdeQXVyMTQxNzMzNDI@._V1_UX45_CR0,0,45,67_AL_.jpg"" width=""45""/>",Plutonul,1986,8.1,"377,990"
218,"<img alt=""In Salbaticie"" height=""67"" src=""https://m.media-amazon.com/images/M/MV5BMTAwNDEyODU1MjheQTJeQWpwZ15BbWU2MDc3NDQwNw@@._V1_UY67_CR0,0,45,67_AL_.jpg"" width=""45""/>",In Salbaticie,2007,8.1,"567,213"
219,"<img alt=""Logan"" height=""67"" src=""https://m.media-amazon.com/images/M/MV5BYzc5MTU4N2EtYTkyMi00NjdhLTg3NWEtMTY4OTEyMzJhZTAzXkEyXkFqcGdeQXVyNjc1NTYyMjg@._V1_UX45_CR0,0,45,67_AL_.jpg"" width=""45""/>",Logan,2017,8.0,"639,345"
220,"<img alt=""Slujnica"" height=""67"" src=""https://m.media-amazon.com/images/M/MV5BNDJhYTk2MTctZmVmOS00OTViLTgxNjQtMzQxOTRiMDdmNGRjXkEyXkFqcGdeQXVyMTMxODk2OTU@._V1_UY67_CR1,0,45,67_AL_.jpg"" width=""45""/>",Slujnica,2016,8.0,"109,832"
221,"<img alt=""Salariul Groazei"" height=""67"" src=""https://m.media-amazon.com/images/M/MV5BZDdkNzMwZmUtY2Q5MS00ZmM2LWJhYjItYTBjMWY0MGM4MDRjXkEyXkFqcGdeQXVyNTA4NzY1MzY@._V1_UY67_CR0,0,45,67_AL_.jpg"" width=""45""/>",Salariul Groazei,1953,8.0,"53,972"
222,"<img alt=""Rush: Rivalitate si adrenalina"" height=""67"" src=""https://m.media-amazon.com/images/M/MV5BOWEwODJmZDItYTNmZC00OGM4LThlNDktOTQzZjIzMGQxODA4XkEyXkFqcGdeQXVyNjU0OTQ0OTY@._V1_UY67_CR0,0,45,67_AL_.jpg"" width=""45""/>",Rush: Rivalitate si adrenalina,2013,8.0,"428,734"
223,"<img alt=""Life of Brian"" height=""67"" src=""https://m.media-amazon.com/images/M/MV5BMzAwNjU1OTktYjY3Mi00NDY5LWFlZWUtZjhjNGE0OTkwZDkwXkEyXkFqcGdeQXVyMTQxNzMzNDI@._V1_UX45_CR0,0,45,67_AL_.jpg"" width=""45""/>",Life of Brian,1979,8.0,"363,979"
224,"<img alt=""Cele 400 de lovituri"" height=""67"" src=""https://m.media-amazon.com/images/M/MV5BYTQ4MjA4NmYtYjRhNi00MTEwLTg0NjgtNjk3ODJlZGU4NjRkL2ltYWdlL2ltYWdlXkEyXkFqcGdeQXVyNjU0OTQ0OTY@._V1_UY67_CR2,0,45,67_AL_.jpg"" width=""45""/>",Cele 400 de lovituri,1959,8.0,"103,902"
225,"<img alt=""Patimile Ioanei D'Arc"" height=""67"" src=""https://m.media-amazon.com/images/M/MV5BNjBjNDJiYTUtOWY0OS00OGVmLTg2YzctMTE0NzVhODM1ZWJmXkEyXkFqcGdeQXVyNjU0OTQ0OTY@._V1_UX45_CR0,0,45,67_AL_.jpg"" width=""45""/>",Patimile Ioanei D'Arc,1928,8.0,"46,938"
226,"<img alt=""Spotlight"" height=""67"" src=""https://m.media-amazon.com/images/M/MV5BMjIyOTM5OTIzNV5BMl5BanBnXkFtZTgwMDkzODE2NjE@._V1_UY67_CR0,0,45,67_AL_.jpg"" width=""45""/>",Spotlight,2015,8.0,"414,627"
227,"<img alt=""Hotelul Rwanda"" height=""67"" src=""https://m.media-amazon.com/images/M/MV5BZGJjYmIzZmQtNWE4Yy00ZGVmLWJkZGEtMzUzNmQ4ZWFlMjRhXkEyXkFqcGdeQXVyMTMxODk2OTU@._V1_UY67_CR0,0,45,67_AL_.jpg"" width=""45""/>",Hotelul Rwanda,2004,8.0,"332,157"
228,"<img alt=""Andrei Rublev"" height=""67"" src=""https://m.media-amazon.com/images/M/MV5BNjM2MjMwNzUzN15BMl5BanBnXkFtZTgwMjEzMzE5MTE@._V1_UY67_CR2,0,45,67_AL_.jpg"" width=""45""/>",Andrei Rublev,1966,8.0,"46,102"
229,"<img alt=""La haine"" height=""67"" src=""https://m.media-amazon.com/images/M/MV5BNDNiOTA5YjktY2Q0Ni00ODgzLWE5MWItNGExOWRlYjY2MjBlXkEyXkFqcGdeQXVyNjQ2MjQ5NzM@._V1_UY67_CR1,0,45,67_AL_.jpg"" width=""45""/>",La haine,1995,8.0,"147,955"
230,"<img alt=""Iubiri si Caini"" height=""67"" src=""https://m.media-amazon.com/images/M/MV5BMjQxMWJhMzMtMzllZi00NzMwLTllYjktNTcwZmU4ZmU3NTA0XkEyXkFqcGdeQXVyMTAzMDM4MjM0._V1_UY67_CR2,0,45,67_AL_.jpg"" width=""45""/>",Iubiri si Caini,2000,8.0,"221,833"
231,"<img alt=""Rocky"" height=""67"" src=""https://m.media-amazon.com/images/M/MV5BMTY5MDMzODUyOF5BMl5BanBnXkFtZTcwMTQ3NTMyNA@@._V1_UX45_CR0,0,45,67_AL_.jpg"" width=""45""/>",Rocky,1976,8.0,"513,323"
232,"<img alt=""Nausicaa"" height=""67"" src=""https://m.media-amazon.com/images/M/MV5BZWFkN2ZhODAtYTNkZS00Y2NjLWIzNDYtNzJjNDNlMzAyNTIyXkEyXkFqcGdeQXVyODEzNjM5OTQ@._V1_UY67_CR1,0,45,67_AL_.jpg"" width=""45""/>",Nausicaa,1984,8.0,"148,502"
233,"<img alt=""Gangs of Wasseypur"" height=""67"" src=""https://m.media-amazon.com/images/M/MV5BMTc5NjY4MjUwNF5BMl5BanBnXkFtZTgwODM3NzM5MzE@._V1_UY67_CR0,0,45,67_AL_.jpg"" width=""45""/>",Gangs of Wasseypur,2012,8.0,"80,897"
234,"<img alt=""Compania monstrilor"" height=""67"" src=""https://m.media-amazon.com/images/M/MV5BMTY1NTI0ODUyOF5BMl5BanBnXkFtZTgwNTEyNjQ0MDE@._V1_UY67_CR0,0,45,67_AL_.jpg"" width=""45""/>",Compania monstrilor,2001,8.0,"806,735"
235,"<img alt=""Du rififi chez les hommes"" height=""67"" src=""https://m.media-amazon.com/images/M/MV5BNjZmZGRiMDgtNDkwNi00OTZhLWFhZmMtYTdkYjgyNThhOWY3XkEyXkFqcGdeQXVyMTA1NTM1NDI2._V1_UY67_CR0,0,45,67_AL_.jpg"" width=""45""/>",Du rififi chez les hommes,1955,8.0,"27,965"
236,"<img alt=""Rebecca"" height=""67"" src=""https://m.media-amazon.com/images/M/MV5BYTcxYWExOTMtMWFmYy00ZjgzLWI0YjktNWEzYzJkZTg0NDdmL2ltYWdlXkEyXkFqcGdeQXVyNjc1NTYyMjg@._V1_UY67_CR1,0,45,67_AL_.jpg"" width=""45""/>",Rebecca,1940,8.0,"122,597"
237,"<img alt=""Rang De Basanti"" height=""67"" src=""https://m.media-amazon.com/images/M/MV5BYThmZDA0YmQtMWJhNy00MDQwLTk0Y2YtMDhmZTE5ZjhlNjliXkEyXkFqcGdeQXVyODE5NzE3OTE@._V1_UY67_CR1,0,45,67_AL_.jpg"" width=""45""/>",Rang De Basanti,2006,8.0,"110,792"
238,"<img alt=""Înainte de apus"" height=""67"" src=""https://m.media-amazon.com/images/M/MV5BMTQ1MjAwNTM5Ml5BMl5BanBnXkFtZTYwNDM0MTc3._V1_UY67_CR0,0,45,67_AL_.jpg"" width=""45""/>",Înainte de apus,2004,8.0,"233,186"
239,"<img alt=""Portrait de la jeune fille en feu"" height=""67"" src=""https://m.media-amazon.com/images/M/MV5BNjgwNjkwOWYtYmM3My00NzI1LTk5OGItYWY0OTMyZTY4OTg2XkEyXkFqcGdeQXVyODk4OTc3MTY@._V1_UY67_CR0,0,45,67_AL_.jpg"" width=""45""/>",Portrait de la jeune fille en feu,2019,8.0,"57,842"
240,"<img alt=""O iubire imposibila"" height=""67"" src=""https://m.media-amazon.com/images/M/MV5BYjZjODRlMjQtMjJlYy00ZDBjLTkyYTQtZGQxZTk5NzJhYmNmXkEyXkFqcGdeQXVyMTQxNzMzNDI@._V1_UY67_CR1,0,45,67_AL_.jpg"" width=""45""/>",O iubire imposibila,2000,8.0,"122,161"
241,"<img alt=""Paris, Texas"" height=""67"" src=""https://m.media-amazon.com/images/M/MV5BM2RjMmU3ZWItYzBlMy00ZmJkLWE5YzgtNTVkODdhOWM3NGZhXkEyXkFqcGdeQXVyNDA5Mjg5MjA@._V1_UX45_CR0,0,45,67_AL_.jpg"" width=""45""/>","Paris, Texas",1984,8.0,"89,218"
242,"<img alt=""S-a întâmplat într-o noapte"" height=""67"" src=""https://m.media-amazon.com/images/M/MV5BYzJmMWE5NjAtNWMyZS00NmFiLWIwMDgtZDE2NzczYWFhNzIzXkEyXkFqcGdeQXVyNjc1NTYyMjg@._V1_UX45_CR0,0,45,67_AL_.jpg"" width=""45""/>",S-a întâmplat într-o noapte,1934,8.0,"92,939"
243,"<img alt=""Partea intunecata a legii"" height=""67"" src=""https://m.media-amazon.com/images/M/MV5BYmJhZmJlYTItZmZlNy00MGY0LTg0ZGMtNWFkYWU5NTA1YTNhXkEyXkFqcGdeQXVyODE5NzE3OTE@._V1_UY67_CR0,0,45,67_AL_.jpg"" width=""45""/>",Partea intunecata a legii,2015,8.0,"68,596"
244,"<img alt=""Contratiempo"" height=""67"" src=""https://m.media-amazon.com/images/M/MV5BMDk0YzAwYjktMWFiZi00Y2FmLWJmMmMtMzUyZDZmMmU5MjkzXkEyXkFqcGdeQXVyMTMxODk2OTU@._V1_UY67_CR1,0,45,67_AL_.jpg"" width=""45""/>",Contratiempo,2016,8.0,"135,060"
245,"<img alt=""The Help"" height=""67"" src=""https://m.media-amazon.com/images/M/MV5BMTM5OTMyMjIxOV5BMl5BanBnXkFtZTcwNzU4MjIwNQ@@._V1_UY67_CR0,0,45,67_AL_.jpg"" width=""45""/>",The Help,2011,8.0,"424,402"
246,"<img alt=""File de Poveste"" height=""67"" src=""https://m.media-amazon.com/images/M/MV5BMGM4M2Q5N2MtNThkZS00NTc1LTk1NTItNWEyZjJjNDRmNDk5XkEyXkFqcGdeQXVyMjA0MDQ0Mjc@._V1_UY67_CR0,0,45,67_AL_.jpg"" width=""45""/>",File de Poveste,1987,8.0,"390,448"
247,"<img alt=""Bătălia pentru Alger"" height=""67"" src=""https://m.media-amazon.com/images/M/MV5BZWEzMGY4OTQtYTdmMy00M2QwLTliYTQtYWUzYzc3OTA5YzIwXkEyXkFqcGdeQXVyNjc1NTYyMjg@._V1_UY67_CR1,0,45,67_AL_.jpg"" width=""45""/>",Bătălia pentru Alger,1966,8.0,"52,342"
248,"<img alt=""Mandarine"" height=""67"" src=""https://m.media-amazon.com/images/M/MV5BMTgwNzA3MDQzOV5BMl5BanBnXkFtZTgwNTE5MDE5NDE@._V1_UY67_CR0,0,45,67_AL_.jpg"" width=""45""/>",Mandarine,2013,8.0,"39,168"
249,"<img alt=""Circul"" height=""67"" src=""https://m.media-amazon.com/images/M/MV5BM2QwYWQ0MWMtNzcwOC00N2Q2LWE1MDEtZmQxZjhiM2U1YzFhXkEyXkFqcGdeQXVyMTQxNzMzNDI@._V1_UX45_CR0,0,45,67_AL_.jpg"" width=""45""/>",Circul,1928,8.0,"29,563"
250,"<img alt=""Terminatorul"" height=""67"" src=""https://m.media-amazon.com/images/M/MV5BYTViNzMxZjEtZGEwNy00MDNiLWIzNGQtZDY2MjQ1OWViZjFmXkEyXkFqcGdeQXVyNzkwMjQ5NzM@._V1_UX45_CR0,0,45,67_AL_.jpg"" width=""45""/>",Terminatorul,1984,8.0,"794,580"
